"","municipality","year","period","treatment","newspaper desert","status","province","id","CSD code","turnout","number of candidates","daily_free_paper_closure","weekly_paper_closure","acclaimed","place","margin_percent","closure","closure_count","first_closure","na","treat_group","t","timetotreat","census_year","Population","Density","delta","CD_UID","PR_UID"
"1","Abottsford",2005,2011,0,0,0,"British Columbia","5909052_2005",5909052,34.21,5,NA,NA,0,1,5.06058446186743,FALSE,1,0,0,1,1,-2,2006,123864,336.880912581084,0.0727592388903805,"5909","59"
"2","Abottsford",2008,2011,0,0,0,"British Columbia","5909052_2008",5909052,34.2,5,NA,NA,0,1,28.8493866018098,FALSE,2,0,0,1,1,-1,2006,123864,336.880912581084,0.0727592388903805,"5909","59"
"3","Abottsford",2011,2011,1,0,-1,"British Columbia","5909052_2011",5909052,39.24,5,NA,NA,0,1,3.43212323214125,TRUE,1,1,0,1,2,0,2011,133497,346.342464846812,0.0777707808564232,"5909","59"
"4","Abottsford",2014,2011,1,0,-2,"British Columbia","5909052_2014",5909052,37.19,2,NA,NA,0,1,1.78864812920425,TRUE,2,0,0,1,3,1,2016,141397,366.838097499904,0.0591773597908567,"5909","59"
"5","Abottsford",2018,2011,1,0,-2,"British Columbia","5909052_2018",5909052,35.37,6,NA,NA,0,1,37.8910252546561,TRUE,3,0,0,1,3,2,2016,141397,366.838097499904,0.0591773597908567,"5909","59"
"6","Ajax",2003,0,0,0,0,"Ontario","3518005_2003",3518005,26.2,2,NA,NA,0,1,41.7977835545218,FALSE,1,0,0,0,1,-5,2001,73753,1095.93458020462,0.144699674064877,"3518","35"
"7","Ajax",2006,0,0,0,0,"Ontario","3518005_2006",3518005,23.2,2,NA,NA,0,1,40.3995108030983,FALSE,2,0,0,0,1,-4,2006,90167,1331.80311936186,0.222553658834217,"3518","35"
"8","Ajax",2010,0,0,0,0,"Ontario","3518005_2010",3518005,25.4,2,NA,NA,0,1,56.3132598247102,FALSE,3,0,0,0,1,-3,2011,109600,1618.52848883341,0.215522308605144,"3518","35"
"9","Ajax",2014,0,0,0,0,"Ontario","3518005_2014",3518005,30.42,3,NA,NA,0,1,72.1176212420452,FALSE,4,0,0,0,1,-2,2016,119677,1768.88903209577,0.0919434306569343,"3518","35"
"10","Ajax",2018,0,0,0,0,"Ontario","3518005_2018",3518005,32.9,5,NA,NA,0,1,9.77607864554888,FALSE,5,0,0,0,1,-1,2016,119677,1768.88903209577,0.0919434306569343,"3518","35"
"11","Amherstburg",2003,2014,0,0,0,"Ontario","3537028_2003",3537028,NA,2,NA,NA,0,1,NA,FALSE,1,0,2,1,1,-3,2001,20339,109.353012528043,NA,"3537","35"
"12","Amherstburg",2006,2014,0,0,0,"Ontario","3537028_2006",3537028,NA,2,NA,NA,0,1,NA,FALSE,2,0,2,1,1,-2,2006,21748,112.695242382863,0.0692757756035203,"3537","35"
"13","Amherstburg",2010,2014,0,0,0,"Ontario","3537028_2010",3537028,NA,2,NA,NA,0,1,NA,FALSE,3,0,2,1,1,-1,2011,21556,111.67552137434,-0.00882839801361045,"3537","35"
"14","Amherstburg",2014,2014,1,0,-1,"Ontario","3537028_2014",3537028,47.27,4,NA,NA,0,1,26.9430725240447,TRUE,1,1,0,1,2,0,2016,21936,113.745857034276,0.017628502505103,"3537","35"
"15","Amherstburg",2018,2014,1,0,-1,"Ontario","3537028_2018",3537028,42.74,2,NA,NA,0,1,24.9898689720384,TRUE,2,0,0,1,2,1,2016,21936,113.745857034276,0.017628502505103,"3537","35"
"16","Aurora",2003,0,0,0,0,"Ontario","3519046_2003",3519046,33,2,NA,NA,0,1,29.9965160840785,FALSE,1,0,0,0,1,-5,2001,40167,803.6350745922,0.152336689904467,"3519","35"
"17","Aurora",2006,0,0,0,0,"Ontario","3519046_2006",3519046,38,3,NA,NA,0,1,3.31447049312854,FALSE,2,0,0,0,1,-4,2006,47629,952.930678489684,0.18577439191376,"3519","35"
"18","Aurora",2010,0,0,0,0,"Ontario","3519046_2010",3519046,38.5,5,NA,NA,0,1,33.7762928088693,FALSE,3,0,0,0,1,-3,2011,53203,1061.30061839218,0.117029540825967,"3519","35"
"19","Aurora",2014,0,0,0,0,"Ontario","3519046_2014",3519046,35.74,2,NA,NA,0,1,36.1901169370049,FALSE,4,0,0,0,1,-2,2016,55445,1104.5758066322,0.0421404807999549,"3519","35"
"20","Aurora",2018,0,0,0,0,"Ontario","3519046_2018",3519046,32.13,4,NA,NA,0,1,9.97522180481177,FALSE,5,0,0,0,1,-1,2016,55445,1104.5758066322,0.0421404807999549,"3519","35"
"21","Barrie",2003,2018,0,0,0,"Ontario","3543042_2003",3543042,NA,4,NA,NA,0,1,NA,FALSE,1,0,2,1,1,-4,2001,103710,1346.32551924967,0.309618517255749,"3543","35"
"22","Barrie",2006,2018,0,0,0,"Ontario","3543042_2006",3543042,30.4,3,NA,NA,0,1,NA,FALSE,2,0,1,1,1,-3,2006,128430,1514.9016640917,0.238356956899045,"3543","35"
"23","Barrie",2010,2018,0,0,0,"Ontario","3543042_2010",3543042,41.1,8,NA,NA,0,1,NA,FALSE,3,0,1,1,1,-2,2011,135711,1594.04970800246,0.0566923615977575,"3543","35"
"24","Barrie",2014,2018,0,0,0,"Ontario","3543042_2014",3543042,31.75,4,NA,NA,0,1,87.244279829693,FALSE,4,0,0,1,1,-1,2016,141434,1324.3934233361,0.0421704946540811,"3543","35"
"25","Barrie",2018,2018,1,0,-1,"Ontario","3543042_2018",3543042,29.65,2,NA,NA,0,1,80.9597859106032,TRUE,1,1,0,1,2,0,2016,141434,1324.3934233361,0.0421704946540811,"3543","35"
"26","Belleville",2003,2018,0,0,0,"Ontario","3512005_2003",3512005,NA,4,NA,NA,0,1,NA,FALSE,1,0,2,1,1,-4,2001,45986,189.668579842057,NA,"3512","35"
"27","Belleville",2006,2018,0,0,0,"Ontario","3512005_2006",3512005,52,3,NA,NA,0,1,NA,FALSE,2,0,1,1,1,-3,2006,48821,195.176660643712,0.0616491975818727,"3512","35"
"28","Belleville",2010,2018,0,0,0,"Ontario","3512005_2010",3512005,43.75,4,NA,NA,0,1,NA,FALSE,3,0,1,1,1,-2,2011,49454,197.708509837372,0.0129657319596075,"3512","35"
"29","Belleville",2014,2018,0,0,0,"Ontario","3512005_2014",3512005,44.72,7,NA,NA,0,1,1.05872295653318,FALSE,4,0,0,1,1,-1,2016,50716,202.718277993047,0.025518663808792,"3512","35"
"30","Belleville",2018,2018,1,0,-1,"Ontario","3512005_2018",3512005,42.3,4,NA,NA,0,1,10.592496412219,TRUE,1,1,0,1,2,0,2016,50716,202.718277993047,0.025518663808792,"3512","35"
"31","Blainville",2005,0,0,0,0,"Quebec","2473015_2005",2473015,49.13,2,NA,NA,0,1,7.61142705991271,FALSE,1,0,0,0,1,-4,2006,46493,839.099324973804,0.290432706986039,"2473","24"
"32","Blainville",2009,0,0,0,0,"Quebec","2473015_2009",2473015,40.21,2,NA,NA,0,1,43.6144232150553,FALSE,2,0,0,0,1,-3,2011,53510,965.740835659101,0.150925945841309,"2473","24"
"33","Blainville",2013,0,0,0,0,"Quebec","2473015_2013",2473015,46.1,2,NA,NA,0,1,17.7972775340308,FALSE,3,0,0,0,1,-2,2011,53510,965.740835659101,0.150925945841309,"2473","24"
"34","Blainville",2017,0,0,0,0,"Quebec","2473015_2017",2473015,38.57,2,NA,NA,0,1,50.5997279584518,FALSE,4,0,0,0,1,-1,2016,56863,1025.20323590871,0.0626611848252663,"2473","24"
"35","Brampton",2006,0,0,0,0,"Ontario","3521010_2006",3521010,30.8,5,NA,NA,0,1,67.2640416493843,FALSE,1,0,0,0,1,-4,2006,433806,1614.67032390516,0.333032191452487,"3521","35"
"36","Brampton",2010,0,0,0,0,"Ontario","3521010_2010",3521010,33.1,5,NA,NA,0,1,32.0787720822473,FALSE,2,0,0,0,1,-3,2011,523911,1955.46208550971,0.207708053830514,"3521","35"
"37","Brampton",2014,0,0,0,0,"Ontario","3521010_2014",3521010,36.2,14,NA,NA,0,1,36.2896617436875,FALSE,3,0,0,0,1,-2,2016,593638,2215.82310711449,0.133089398771929,"3521","35"
"38","Brampton",2018,0,0,0,0,"Ontario","3521010_2018",3521010,34.5,7,NA,NA,0,1,3.60969741833996,FALSE,4,0,0,0,1,-1,2016,593638,2215.82310711449,0.133089398771929,"3521","35"
"39","Brantford",2003,0,0,0,0,"Ontario","3529006_2003",3529006,34.98,3,NA,NA,0,1,NA,FALSE,1,0,1,0,1,-5,2001,86417,1202.8994830142,0.019501203341041,"3529","35"
"40","Brantford",2006,0,0,0,0,"Ontario","3529006_2006",3529006,44.54,4,NA,NA,0,1,NA,FALSE,2,0,1,0,1,-4,2006,90192,1210.07894654223,0.0436835344897416,"3529","35"
"41","Brantford",2010,0,0,0,0,"Ontario","3529006_2010",3529006,43.42,9,NA,NA,0,1,NA,FALSE,3,0,1,0,1,-3,2011,93650,1256.63136380129,0.0383404293063686,"3529","35"
"42","Brantford",2014,0,0,0,0,"Ontario","3529006_2014",3529006,37.58,7,NA,NA,0,1,17.2753670606519,FALSE,4,0,0,0,1,-2,2016,97496,1308.65814218758,0.04106780565937,"3529","35"
"43","Brantford",2018,0,0,0,0,"Ontario","3529006_2018",3529006,36.74,8,NA,NA,0,1,23.1523471013605,FALSE,5,0,0,0,1,-1,2016,97496,1308.65814218758,0.04106780565937,"3529","35"
"44","Brossard",2005,0,0,0,0,"Quebec","2458007_2005",2458007,35.75,2,NA,NA,0,1,12.2206628522077,FALSE,1,0,0,0,1,-4,2006,71154,1568.12117247878,NA,"2458","24"
"45","Brossard",2009,0,0,0,0,"Quebec","2458007_2009",2458007,39.02,2,NA,NA,0,1,40.6141094471131,FALSE,2,0,0,0,1,-3,2011,79273,1747.0506550586,0.114104618152177,"2458","24"
"46","Brossard",2013,0,0,0,0,"Quebec","2458007_2013",2458007,34.5,2,NA,NA,0,1,30.4905127169964,FALSE,3,0,0,0,1,-2,2011,79273,1747.0506550586,0.114104618152177,"2458","24"
"47","Brossard",2017,0,0,0,0,"Quebec","2458007_2017",2458007,37.69,3,NA,NA,0,1,13.3670268386197,FALSE,4,0,0,0,1,-1,2016,85721,1888.09157181349,0.0813391697046914,"2458","24"
"48","Burlington",2003,0,0,0,0,"Ontario","3524002_2003",3524002,16.55,1,NA,NA,1,1,NA,FALSE,1,0,1,0,1,-5,2001,150836,809.086182115179,0.101185609157809,"3524","35"
"49","Burlington",2006,0,0,0,0,"Ontario","3524002_2006",3524002,38.84,5,NA,NA,0,1,2.90392052428039,FALSE,2,0,0,0,1,-4,2006,164415,875.860871646043,0.0900249277360842,"3524","35"
"50","Burlington",2010,0,0,0,0,"Ontario","3524002_2010",3524002,37.6,4,NA,NA,0,1,23.0167940268442,FALSE,3,0,0,0,1,-3,2011,175779,936.828772329487,0.0691177812243408,"3524","35"
"51","Burlington",2014,0,0,0,0,"Ontario","3524002_2014",3524002,34.14,3,NA,NA,0,1,77.6722201422688,FALSE,4,0,0,0,1,-2,2016,183314,976.987180327614,0.0428663264667566,"3524","35"
"52","Burlington",2018,0,0,0,0,"Ontario","3524002_2018",3524002,39.79,4,NA,NA,0,1,12.8946904215911,FALSE,5,0,0,0,1,-1,2016,183314,976.987180327614,0.0428663264667566,"3524","35"
"53","Burnaby",2002,2018,0,0,0,"British Columbia","5915025_2002",5915025,33.38,3,NA,NA,0,1,23.1710021862425,FALSE,1,0,0,1,1,-5,2001,193954,2149.10140282078,0.0822782337940617,"5915","59"
"54","Burnaby",2005,2018,0,0,0,"British Columbia","5915025_2005",5915025,25.57,3,NA,NA,0,1,11.0193655696804,FALSE,2,0,0,1,1,-4,2006,202799,2215.46170482367,0.0456035967291213,"5915","59"
"55","Burnaby",2008,2018,0,0,0,"British Columbia","5915025_2008",5915025,23.49,2,NA,NA,0,1,31.3349833470835,FALSE,3,0,0,1,1,-3,2006,202799,2215.46170482367,0.0456035967291213,"5915","59"
"56","Burnaby",2011,2018,0,0,0,"British Columbia","5915025_2011",5915025,22.5,4,NA,NA,0,1,57.5965917437932,FALSE,4,0,0,1,1,-2,2011,223218,2427.45649499416,0.100685900818051,"5915","59"
"57","Burnaby",2014,2018,0,0,0,"British Columbia","5915025_2014",5915025,27,6,NA,NA,0,1,46.4283992866439,FALSE,5,0,0,1,1,-1,2016,232755,2531.15290205807,0.0427250490551837,"5915","59"
"58","Burnaby",2018,2018,1,0,-1,"British Columbia","5915025_2018",5915025,33.46,3,NA,NA,0,1,48.1909869526935,TRUE,1,1,0,1,2,0,2016,232755,2531.15290205807,0.0427250490551837,"5915","59"
"59","Caledon",2003,0,0,0,0,"Ontario","3521024_2003",3521024,32.91,4,NA,NA,0,1,NA,FALSE,1,0,1,0,1,-5,2001,50595,72.8523517296004,0.268267615872459,"3521","35"
"60","Caledon",2006,0,0,0,0,"Ontario","3521024_2006",3521024,34.7,3,NA,NA,0,1,NA,FALSE,2,0,1,0,1,-4,2006,57050,81.9905482790601,0.12758177685542,"3521","35"
"61","Caledon",2010,0,0,0,0,"Ontario","3521024_2010",3521024,44.57,2,NA,NA,0,1,NA,FALSE,3,0,1,0,1,-3,2011,59460,85.4877216857937,0.0422436459246275,"3521","35"
"62","Caledon",2014,0,0,0,0,"Ontario","3521024_2014",3521024,34.25,5,NA,NA,0,1,29.088785046729,FALSE,4,0,0,0,1,-2,2016,66502,95.6106430739476,0.118432559704003,"3521","35"
"63","Caledon",2018,0,0,0,0,"Ontario","3521024_2018",3521024,32.29,3,NA,NA,0,1,14.6149658217894,FALSE,5,0,0,0,1,-1,2016,66502,95.6106430739476,0.118432559704003,"3521","35"
"64","Calgary",2004,2017,0,0,0,"Alberta","4806016_2004",4806016,19.8,7,NA,NA,0,1,73.5975007119286,FALSE,1,0,0,1,1,-4,2006,988193,1324.74348664848,0.124395527873419,"4806","48"
"65","Calgary",2007,2017,0,0,0,"Alberta","4806016_2007",4806016,32.9,9,NA,NA,0,1,44.1815893357744,FALSE,2,0,0,1,1,-3,2006,988193,1324.74348664848,0.124395527873419,"4806","48"
"66","Calgary",2010,2017,0,0,0,"Alberta","4806016_2010",4806016,53.39,15,NA,NA,0,1,7.87285718320201,FALSE,3,0,0,1,1,-2,2011,1096833,1291.29398421681,0.10993803841962,"4806","48"
"67","Calgary",2013,2017,0,0,0,"Alberta","4806016_2013",4806016,39.43,9,NA,NA,0,1,52.2387718650148,FALSE,4,0,0,1,1,-1,2011,1096833,1291.29398421681,0.10993803841962,"4806","48"
"68","Calgary",2017,2017,1,0,-1,"Alberta","4806016_2017",4806016,58.1,10,NA,NA,0,1,7.62262534734495,TRUE,1,1,0,1,2,0,2016,1239220,1459.53656245561,0.129816480722225,"4806","48"
"69","Cambridge",2003,2003,1,0,-1,"Ontario","3530010_2003",3530010,22.06,2,NA,NA,0,1,48.972262128412,TRUE,1,1,0,1,1,-5,2001,110372,975.764107956345,0.0881700499857043,"3530","35"
"70","Cambridge",2006,2003,1,0,-1,"Ontario","3530010_2006",3530010,26.33,5,NA,NA,0,1,10.2215709781981,TRUE,2,0,0,1,1,-4,2006,120371,1040.45789102139,0.0905936288189033,"3530","35"
"71","Cambridge",2010,2003,1,0,-1,"Ontario","3530010_2010",3530010,29.11,3,NA,NA,0,1,19.1665957265685,TRUE,3,0,0,1,1,-3,2011,126748,1094.85640008299,0.0529778767311063,"3530","35"
"72","Cambridge",2014,2003,1,0,-1,"Ontario","3530010_2014",3530010,29.71,7,NA,NA,0,1,41.4412285883048,TRUE,4,0,0,1,1,-2,2016,129920,1122.18390531573,0.0250260359137817,"3530","35"
"73","Cambridge",2018,2003,1,0,-1,"Ontario","3530010_2018",3530010,32.24,5,NA,NA,0,1,21.2427541354446,TRUE,5,0,0,1,1,-1,2016,129920,1122.18390531573,0.0250260359137817,"3530","35"
"74","Canmore",2007,2013,0,0,0,"Alberta","4815023_2007",4815023,24.56,1,NA,NA,1,1,NA,FALSE,1,0,1,1,1,-2,2006,12039,174.585263924803,0.115548554484804,"4815","48"
"75","Canmore",2010,2013,0,0,0,"Alberta","4815023_2010",4815023,42.03,2,NA,NA,0,1,6.07983082209886,FALSE,2,0,0,1,1,-1,2011,12288,178.196663685121,0.0206827809618739,"4815","48"
"76","Canmore",2013,2013,1,1,-1,"Alberta","4815023_2013",4815023,37.64,3,NA,NA,0,1,57.3432835820896,TRUE,1,1,0,1,2,0,2011,12288,178.196663685121,0.0206827809618739,"4815","48"
"77","Canmore",2017,2013,1,1,-1,"Alberta","4815023_2017",4815023,40.9,2,NA,NA,0,1,28.7777777777778,TRUE,2,0,0,1,2,1,2016,13992,201.341267836984,0.138671875,"4815","48"
"78","Cape Breton",2004,0,0,0,0,"Nova Scotia","1217030_2004",1217030,NA,NA,NA,NA,NA,1,NA,FALSE,1,0,3,0,1,-5,2006,102250,39.9117295405087,-0.0350860637173486,"1217","12"
"79","Cape Breton",2008,0,0,0,0,"Nova Scotia","1217030_2008",1217030,50.4,3,NA,NA,0,1,NA,FALSE,2,0,1,0,1,-4,2006,102250,39.9117295405087,-0.0350860637173486,"1217","12"
"80","Cape Breton",2012,0,0,0,0,"Nova Scotia","1217030_2012",1217030,56.9,5,NA,NA,0,1,20.7670838971583,FALSE,3,0,0,0,1,-3,2011,97398,38.0138025096822,-0.0474523227383863,"1217","12"
"81","Cape Breton",2016,0,0,0,0,"Nova Scotia","1217030_2016",1217030,53.3,2,NA,NA,0,1,3.06887090452145,FALSE,4,0,0,0,1,-2,2016,94285,36.8553649364019,-0.0319616419228321,"1217","12"
"82","Cape Breton",2020,0,0,0,0,"Nova Scotia","1217030_2020",1217030,NA,6,NA,NA,0,1,6.91912658277471,FALSE,5,0,1,0,1,-1,2021,93694,38.7213947008796,-0.00626822930476746,"1217","12"
"83","Chatham-Kent",2003,0,0,0,0,"Ontario","3536020_2003",3536020,44,6,NA,NA,0,1,29.2371145284204,FALSE,1,0,0,0,1,-5,2001,107341,43.6148856597477,NA,"3536","35"
"84","Chatham-Kent",2006,0,0,0,0,"Ontario","3536020_2006",3536020,45.6,7,NA,NA,0,1,6.85599150488741,FALSE,2,0,0,0,1,-4,2006,108177,43.7117913022736,0.00778826357123559,"3536","35"
"85","Chatham-Kent",2010,0,0,0,0,"Ontario","3536020_2010",3536020,39.93,6,NA,NA,0,1,6.83066855978764,FALSE,3,0,0,0,1,-3,2011,103671,41.8864637684977,-0.0416539560165285,"3536","35"
"86","Chatham-Kent",2014,0,0,0,0,"Ontario","3536020_2014",3536020,42.11,7,NA,NA,0,1,4.14239087331849,FALSE,4,0,0,0,1,-2,2016,101647,41.0710276040847,-0.0195232996691457,"3536","35"
"87","Chatham-Kent",2018,0,0,0,0,"Ontario","3536020_2018",3536020,45.44,6,NA,NA,0,1,28.9758654455389,FALSE,5,0,0,0,1,-1,2016,101647,41.0710276040847,-0.0195232996691457,"3536","35"
"88","Chilliwack",2002,2018,0,0,0,"British Columbia","5909020_2002",5909020,NA,2,NA,NA,0,1,NA,FALSE,1,0,2,1,1,-5,2001,62927,244.550424506156,0.0455421526600871,"5909","59"
"89","Chilliwack",2005,2018,0,0,0,"British Columbia","5909020_2005",5909020,NA,1,NA,NA,1,1,NA,FALSE,2,0,2,1,1,-4,2006,69217,246.272038646959,0.0999570931396698,"5909","59"
"90","Chilliwack",2008,2018,0,0,0,"British Columbia","5909020_2008",5909020,22.21,3,NA,NA,0,1,51.9670703712499,FALSE,3,0,0,1,1,-3,2006,69217,246.272038646959,0.0999570931396698,"5909","59"
"91","Chilliwack",2011,2018,0,0,0,"British Columbia","5909020_2011",5909020,17.5,1,NA,NA,1,1,NA,FALSE,4,0,1,1,1,-2,2011,77936,276.956728283047,0.125966164381583,"5909","59"
"92","Chilliwack",2014,2018,0,0,0,"British Columbia","5909020_2014",5909020,25,3,NA,NA,0,1,49.8695041156394,FALSE,5,0,0,1,1,-1,2016,83788,297.600865623982,0.0750872510778074,"5909","59"
"93","Chilliwack",2018,2018,1,0,-1,"British Columbia","5909020_2018",5909020,35,5,NA,NA,0,1,4.07237987288993,TRUE,1,1,0,1,2,0,2016,83788,297.600865623982,0.0750872510778074,"5909","59"
"94","Clarington",2003,0,0,0,0,"Ontario","3518017_2003",3518017,35.07,2,NA,NA,0,1,75.8659277416605,FALSE,1,0,0,0,1,-5,2001,69834,113.970611357109,0.152091066567681,"3518","35"
"95","Clarington",2006,0,0,0,0,"Ontario","3518017_2006",3518017,40.02,5,NA,NA,0,1,22.9256972722098,FALSE,2,0,0,0,1,-4,2006,77820,126.940265731226,0.114356903514048,"3518","35"
"96","Clarington",2010,0,0,0,0,"Ontario","3518017_2010",3518017,34.52,4,NA,NA,0,1,3.88061203946044,FALSE,3,0,0,0,1,-3,2011,84548,137.906536433493,0.0864559239270111,"3518","35"
"97","Clarington",2014,0,0,0,0,"Ontario","3518017_2014",3518017,30.35,2,NA,NA,0,1,7.15636822194199,FALSE,4,0,0,0,1,-2,2016,92013,150.060411167777,0.0882930406396367,"3518","35"
"98","Clarington",2018,0,0,0,0,"Ontario","3518017_2018",3518017,28.57,3,NA,NA,0,1,38.8050112431738,FALSE,5,0,0,0,1,-1,2016,92013,150.060411167777,0.0882930406396367,"3518","35"
"99","Coquitlam",2002,0,0,0,0,"British Columbia","5915034_2002",5915034,27.7,3,NA,NA,0,1,25.8250360072641,FALSE,1,0,0,0,1,-6,2001,112890,923.492417105159,0.108721272834414,"5915","59"
"100","Coquitlam",2005,0,0,0,0,"British Columbia","5915034_2005",5915034,23.32,3,NA,NA,0,1,0.287913183101711,FALSE,2,0,0,0,1,-5,2006,114565,882.768443206855,0.0148374523872797,"5915","59"
"101","Coquitlam",2008,0,0,0,0,"British Columbia","5915034_2008",5915034,21.46,3,NA,NA,0,1,8.57497928748964,FALSE,3,0,0,0,1,-4,2006,114565,882.768443206855,0.0148374523872797,"5915","59"
"102","Coquitlam",2011,0,0,0,0,"British Columbia","5915034_2011",5915034,21.68,2,NA,NA,0,1,13.6907744557653,FALSE,4,0,0,0,1,-3,2011,126456,975.012265141715,0.103792606817091,"5915","59"
"103","Coquitlam",2014,0,0,0,0,"British Columbia","5915034_2014",5915034,26.01,3,NA,NA,0,1,42.2840769545641,FALSE,5,0,0,0,1,-2,2016,139284,1073.91148534162,0.10144239893718,"5915","59"
"104","Coquitlam",2018,0,0,0,0,"British Columbia","5915034_2018",5915034,26.06,3,NA,NA,0,1,42.09538114908,FALSE,6,0,0,0,1,-1,2016,139284,1073.91148534162,0.10144239893718,"5915","59"
"105","Cornwall",2003,0,0,0,0,"Ontario","3501012_2003",3501012,42,3,NA,NA,0,1,NA,FALSE,1,0,1,0,1,-5,2001,45640,735.547353311587,-0.0371917389194777,"3501","35"
"106","Cornwall",2006,0,0,0,0,"Ontario","3501012_2006",3501012,53.59,5,NA,NA,0,1,NA,FALSE,2,0,1,0,1,-4,2006,45965,746.655724704388,0.00712094653812445,"3501","35"
"107","Cornwall",2010,0,0,0,0,"Ontario","3501012_2010",3501012,43.51,3,NA,NA,0,1,NA,FALSE,3,0,1,0,1,-3,2011,46340,752.84065755449,0.00815838137713478,"3501","35"
"108","Cornwall",2014,0,0,0,0,"Ontario","3501012_2014",3501012,38.02,3,NA,NA,0,1,6.89088775909269,FALSE,4,0,0,0,1,-2,2016,46589,756.397328345344,0.00537332757876565,"3501","35"
"109","Cornwall",2018,0,0,0,0,"Ontario","3501012_2018",3501012,38.08,4,NA,NA,0,1,29.1960281870596,FALSE,5,0,0,0,1,-1,2016,46589,756.397328345344,0.00537332757876565,"3501","35"
"110","Delta",2002,0,0,0,0,"British Columbia","5915011_2002",5915011,44.64,4,NA,NA,0,1,7.77429214929215,FALSE,1,0,0,0,1,-6,2001,96950,519.397925288474,0.0161302155935898,"5915","59"
"111","Delta",2005,0,0,0,0,"British Columbia","5915011_2005",5915011,34.81,2,NA,NA,0,1,3.49443309286519,FALSE,2,0,0,0,1,-5,2006,96723,490.8834623385,-0.00234141309953584,"5915","59"
"112","Delta",2008,0,0,0,0,"British Columbia","5915011_2008",5915011,31.01,5,NA,NA,0,1,13.9180126570322,FALSE,3,0,0,0,1,-4,2006,96723,490.8834623385,-0.00234141309953584,"5915","59"
"113","Delta",2011,0,0,0,0,"British Columbia","5915011_2011",5915011,33.72,3,NA,NA,0,1,16.7010486505071,FALSE,4,0,0,0,1,-3,2011,99863,507.983923448014,0.0324638400380468,"5915","59"
"114","Delta",2014,0,0,0,0,"British Columbia","5915011_2014",5915011,31.79,1,NA,NA,1,1,NA,FALSE,5,0,1,0,1,-2,2016,102238,523.026187222073,0.0237825821375284,"5915","59"
"115","Delta",2018,0,0,0,0,"British Columbia","5915011_2018",5915011,42,4,NA,NA,0,1,0.0302958016477061,FALSE,6,0,0,0,1,-1,2016,102238,523.026187222073,0.0237825821375284,"5915","59"
"116","Dollard-Des-Ormeaux",2005,0,0,0,0,"Quebec","2466142_2005",2466142,23.27,1,NA,NA,1,1,NA,FALSE,1,0,1,0,1,-4,2006,48930,3217.46809656481,NA,"2466","24"
"117","Dollard-Des-Ormeaux",2009,0,0,0,0,"Quebec","2466142_2009",2466142,29.07,2,NA,NA,0,1,70.8741708741709,FALSE,2,0,0,0,1,-3,2011,49637,3263.96227147102,0.0144492131616595,"2466","24"
"118","Dollard-Des-Ormeaux",2013,0,0,0,0,"Quebec","2466142_2013",2466142,17.44,1,NA,NA,1,1,NA,FALSE,3,0,1,0,1,-2,2011,49637,3263.96227147102,0.0144492131616595,"2466","24"
"119","Dollard-Des-Ormeaux",2017,0,0,0,0,"Quebec","2466142_2017",2466142,35.1,4,NA,NA,0,1,8.41501314845804,FALSE,4,0,0,0,1,-1,2016,48899,3243.17046625011,-0.0148679412535004,"2466","24"
"120","Drummondville",2005,2017,0,0,0,"Quebec","2449058_2005",2449058,32.16,1,NA,NA,1,1,NA,FALSE,1,0,1,1,1,-3,2006,67392,259.19884357439,NA,"2449","24"
"121","Drummondville",2009,2017,0,0,0,"Quebec","2449058_2009",2449058,34.57,2,NA,NA,0,1,40.7891156462585,FALSE,2,0,0,1,1,-2,2011,71852,276.352538793759,0.0661799620132953,"2449","24"
"122","Drummondville",2013,2017,0,0,0,"Quebec","2449058_2013",2449058,36.6,2,NA,NA,0,1,49.0339839492718,FALSE,3,0,0,1,1,-1,2011,71852,276.352538793759,0.0661799620132953,"2449","24"
"123","Drummondville",2017,2017,1,0,-1,"Quebec","2449058_2017",2449058,NA,1,NA,NA,1,1,NA,TRUE,1,1,2,1,2,0,2016,75423,289.740972960813,0.0496993820631298,"2449","24"
"124","Edmonton",2004,0,0,0,0,"Alberta","4811061_2004",4811061,41.8,8,NA,NA,0,1,8.10851773264626,FALSE,1,0,0,0,1,-5,2006,730372,1042.55485520451,0.096483432016622,"4811","48"
"125","Edmonton",2007,0,0,0,0,"Alberta","4811061_2007",4811061,27.2,9,NA,NA,0,1,40.4597394809608,FALSE,2,0,0,0,1,-4,2006,730372,1042.55485520451,0.096483432016622,"4811","48"
"126","Edmonton",2010,0,0,0,0,"Alberta","4811061_2010",4811061,33.4,7,NA,NA,0,1,25.5259014010579,FALSE,3,0,0,0,1,-3,2011,812201,1159.35991991776,0.112037427502697,"4811","48"
"127","Edmonton",2013,0,0,0,0,"Alberta","4811061_2013",4811061,34.5,6,NA,NA,0,1,42.8348799653479,FALSE,4,0,0,0,1,-2,2011,812201,1159.35991991776,0.112037427502697,"4811","48"
"128","Edmonton",2017,0,0,0,0,"Alberta","4811061_2017",4811061,31.5,13,NA,NA,0,1,65.6883578167185,FALSE,5,0,0,0,1,-1,2016,932546,1331.18038671474,0.148171450170586,"4811","48"
"129","Fredericton",2004,0,0,0,0,"New Brunswick","1310032_2004",1310032,44.81,4,NA,NA,0,1,4.38771909187154,FALSE,1,0,0,0,1,-4,2006,50535,367.585578483394,0.0625525651808242,"1310","13"
"130","Fredericton",2008,0,0,0,0,"New Brunswick","1310032_2008",1310032,34.05,2,NA,NA,0,1,41.4050357475909,FALSE,2,0,0,0,1,-3,2006,50535,367.585578483394,0.0625525651808242,"1310","13"
"131","Fredericton",2012,0,0,0,0,"New Brunswick","1310032_2012",1310032,39.82,2,NA,NA,0,1,25.7083914810994,FALSE,3,0,0,0,1,-2,2011,56224,406.077174886195,0.112575442762442,"1310","13"
"132","Fredericton",2016,0,0,0,0,"New Brunswick","1310032_2016",1310032,36.61,2,NA,NA,0,1,7.69028526357302,FALSE,4,0,0,0,1,-1,2016,58220,417.712472476859,0.0355008537279454,"1310","13"
"133","Gatineau",2005,0,0,0,0,"Quebec","2481017_2005",2481017,47.87,2,NA,NA,0,1,36.1174033651109,FALSE,1,0,0,0,1,-4,2006,242124,634.260702933248,NA,"2481","24"
"134","Gatineau",2009,0,0,0,0,"Quebec","2481017_2009",2481017,39.41,6,NA,NA,0,1,17.6538543820866,FALSE,2,0,0,0,1,-3,2011,265349,695.100701702022,0.0959219243032496,"2481","24"
"135","Gatineau",2013,0,0,0,0,"Quebec","2481017_2013",2481017,42.17,4,NA,NA,0,1,16.1126442548921,FALSE,3,0,0,0,1,-2,2011,265349,695.100701702022,0.0959219243032496,"2481","24"
"136","Gatineau",2017,0,0,0,0,"Quebec","2481017_2017",2481017,38.52,5,NA,NA,0,1,11.4902847770591,FALSE,4,0,0,0,1,-1,2016,276245,724.31033199342,0.0410629020648278,"2481","24"
"137","Granby",2005,0,0,0,0,"Quebec","2447017_2005",2447017,45.73,3,NA,NA,0,1,26.9680160509855,FALSE,1,0,0,0,1,-4,2006,NA,NA,NA,NA,NA
"138","Granby",2009,0,0,0,0,"Quebec","2447017_2009",2447017,43.21,4,NA,NA,0,1,15.1020008805831,FALSE,2,0,0,0,1,-3,2011,63433,408.573255980971,NA,"2447","24"
"139","Granby",2013,0,0,0,0,"Quebec","2447017_2013",2447017,51.7,6,NA,NA,0,1,6.38827326101326,FALSE,3,0,0,0,1,-2,2011,63433,408.573255980971,NA,"2447","24"
"140","Granby",2017,0,0,0,0,"Quebec","2447017_2017",2447017,39,3,NA,NA,0,1,25.7723739286426,FALSE,4,0,0,0,1,-1,2016,66222,426.362822902783,0.0439676509072565,"2447","24"
"141","Grande Prairie",2007,0,0,0,0,"Alberta","4819012_2007",4819012,29.2,2,NA,NA,0,1,241.942446043165,FALSE,1,0,0,0,1,-4,2006,47076,763.788668261544,0.272909174485574,"4819","48"
"142","Grande Prairie",2010,0,0,0,0,"Alberta","4819012_2010",4819012,24,5,NA,NA,0,1,14.9268292682927,FALSE,2,0,0,0,1,-3,2011,55032,750.216959276546,0.169003313790466,"4819","48"
"143","Grande Prairie",2013,0,0,0,0,"Alberta","4819012_2013",4819012,20.95,2,NA,NA,0,1,117.378232110643,FALSE,3,0,0,0,1,-2,2011,55032,750.216959276546,0.169003313790466,"4819","48"
"144","Grande Prairie",2017,0,0,0,0,"Alberta","4819012_2017",4819012,24,4,NA,NA,0,1,41.2508243570015,FALSE,4,0,0,0,1,-1,2016,63166,467.392032225973,0.14780491350487,"4819","48"
"145","Grandview",2002,2018,0,0,0,"Manitoba","4617058_2002",4617058,NA,NA,NA,NA,NA,1,NA,FALSE,1,0,3,1,1,-4,2001,NA,NA,NA,NA,NA
"146","Grandview",2006,2018,0,0,0,"Manitoba","4617058_2006",4617058,NA,NA,NA,NA,NA,1,NA,FALSE,2,0,3,1,1,-3,2006,NA,NA,NA,NA,NA
"147","Grandview",2010,2018,0,0,0,"Manitoba","4617058_2010",4617058,NA,NA,NA,NA,NA,1,NA,FALSE,3,0,3,1,1,-2,2011,NA,NA,NA,NA,NA
"148","Grandview",2014,2018,0,0,0,"Manitoba","4617058_2014",4617058,NA,NA,NA,NA,NA,1,NA,FALSE,4,0,3,1,1,-1,2016,1482,1.26908638051863,NA,"4617","46"
"149","Grandview",2018,2018,1,0,-1,"Manitoba","4617058_2018",4617058,NA,3,NA,NA,0,1,NA,TRUE,1,1,2,1,2,0,2016,1482,1.26908638051863,NA,"4617","46"
"150","Greater Sudbury",2003,0,0,0,0,"Ontario","3553005_2003",3553005,40.03,14,NA,NA,0,1,14.3398726489749,FALSE,1,0,0,0,1,-5,2001,155219,45.1471421741148,NA,"3553","35"
"151","Greater Sudbury",2006,0,0,0,0,"Ontario","3553005_2006",3553005,40.82,7,NA,NA,0,1,21.1193109733217,FALSE,2,0,0,0,1,-4,2006,157857,43.589819109085,0.0169953420650822,"3553","35"
"152","Greater Sudbury",2010,0,0,0,0,"Ontario","3553005_2010",3553005,49.75,8,NA,NA,0,1,9.10358531016332,FALSE,3,0,0,0,1,-3,2011,160274,44.2572344765508,0.0153113260735983,"3553","35"
"153","Greater Sudbury",2014,0,0,0,0,"Ontario","3553005_2014",3553005,50.7,10,NA,NA,0,1,26.7365881446235,FALSE,4,0,0,0,1,-2,2016,161531,44.5985192461105,0.00784281917216766,"3553","35"
"154","Greater Sudbury",2018,0,0,0,0,"Ontario","3553005_2018",3553005,45,11,NA,NA,0,1,9.48029258740185,FALSE,5,0,0,0,1,-1,2016,161531,44.5985192461105,0.00784281917216766,"3553","35"
"155","Grey Highlands (Markdale)",2003,2014,0,0,0,"Ontario","3542015_2003",3542015,41.51,NA,NA,NA,NA,1,NA,FALSE,1,0,2,1,1,-3,2001,9196,10.3019755344384,NA,"3542","35"
"156","Grey Highlands (Markdale)",2006,2014,0,0,0,"Ontario","3542015_2006",3542015,38.21,NA,NA,NA,NA,1,NA,FALSE,2,0,2,1,1,-2,2006,9480,10.6211149602818,0.0308829926054806,"3542","35"
"157","Grey Highlands (Markdale)",2010,2014,0,0,0,"Ontario","3542015_2010",3542015,45.88,2,NA,NA,0,1,12.4677002583979,FALSE,3,0,0,1,1,-1,2011,9520,10.6659442506107,0.00421940928270042,"3542","35"
"158","Grey Highlands (Markdale)",2014,2014,1,0,-1,"Ontario","3542015_2014",3542015,41.51,2,NA,NA,0,1,11.1298889425398,TRUE,1,1,0,1,2,0,2016,9804,10.9833228705719,0.0298319327731092,"3542","35"
"159","Grey Highlands (Markdale)",2018,2014,1,0,-1,"Ontario","3542015_2018",3542015,37.08,2,NA,NA,0,1,17.4849972722313,TRUE,2,0,0,1,2,1,2016,9804,10.9833228705719,0.0298319327731092,"3542","35"
"160","Guelph",2003,2018,0,0,0,"Ontario","3523008_2003",3523008,36.75,5,NA,NA,0,1,12.4256932617846,FALSE,1,0,0,1,1,-4,2001,106170,1219.74676689664,0.10800346479373,"3523","35"
"161","Guelph",2006,2018,0,0,0,"Ontario","3523008_2006",3523008,39.76,4,NA,NA,0,1,15.2535151256924,FALSE,2,0,0,1,1,-3,2006,114943,1311.62966588322,0.0826316285202976,"3523","35"
"162","Guelph",2010,2018,0,0,0,"Ontario","3523008_2010",3523008,33.91,4,NA,NA,0,1,15.4103733257338,FALSE,3,0,0,1,1,-2,2011,121688,1381.53288525777,0.0586812594068364,"3523","35"
"163","Guelph",2014,2018,0,0,0,"Ontario","3523008_2014",3523008,43.21,7,NA,NA,0,1,14.1216962473994,FALSE,4,0,0,1,1,-1,2016,131794,1496.23528701211,0.0830484517783183,"3523","35"
"164","Guelph",2018,2018,1,0,-1,"Ontario","3523008_2018",3523008,36,2,NA,NA,0,1,32.7700699632397,TRUE,1,1,0,1,2,0,2016,131794,1496.23528701211,0.0830484517783183,"3523","35"
"165","Haldimand (Dunnville)",2003,2014,0,0,0,"Ontario","3528018_2003",3528018,NA,3,NA,NA,0,1,NA,FALSE,1,0,2,1,1,-3,2001,43728,34.74627543076,NA,"3528","35"
"166","Haldimand (Dunnville)",2006,2014,0,0,0,"Ontario","3528018_2006",3528018,39.7,3,NA,NA,0,1,7.79599950304386,FALSE,2,0,0,1,1,-2,2006,45212,35.6258231113899,0.0339370654957922,"3528","35"
"167","Haldimand (Dunnville)",2010,2014,0,0,0,"Ontario","3528018_2010",3528018,42.8,3,NA,NA,0,1,7.93732340097611,FALSE,3,0,0,1,1,-1,2011,44876,35.36255169289,-0.00743165531274883,"3528","35"
"168","Haldimand (Dunnville)",2014,2014,1,0,-1,"Ontario","3528018_2014",3528018,36.7,4,NA,NA,0,1,26.4088230850582,TRUE,1,1,0,1,2,0,2016,45608,35.9400358374356,0.0163116142258668,"3528","35"
"169","Haldimand (Dunnville)",2018,2014,1,0,-1,"Ontario","3528018_2018",3528018,35.56,3,NA,NA,0,1,20.6252354048964,TRUE,2,0,0,1,2,1,2016,45608,35.9400358374356,0.0163116142258668,"3528","35"
"170","Halifax",2004,2008,0,0,0,"Nova Scotia","1209034_2004",1209034,48.39,4,NA,NA,0,1,76.5793577798216,FALSE,1,0,0,1,1,-1,2006,372679,62.6133102051228,0.0377821899078558,"1209","12"
"171","Halifax",2008,2008,1,0,-1,"Nova Scotia","1209034_2008",1209034,36.19,3,NA,NA,0,1,15.9497427779976,TRUE,1,1,0,1,2,0,2006,372679,62.6133102051228,0.0377821899078558,"1209","12"
"172","Halifax",2012,2008,1,0,-2,"Nova Scotia","1209034_2012",1209034,36.93,6,NA,NA,0,1,37.8108142470531,TRUE,2,0,0,1,3,1,2011,390096,65.478876947291,0.0467345892846122,"1209","12"
"173","Halifax",2016,2008,1,0,-2,"Nova Scotia","1209034_2016",1209034,31.77,2,NA,NA,0,1,36.4481184615721,TRUE,3,0,0,1,3,2,2016,403131,67.6716244190617,0.0334148517288052,"1209","12"
"174","Halifax",2020,2008,1,0,-3,"Nova Scotia","1209034_2020",1209034,39.77,3,NA,NA,0,1,69.6301498127341,TRUE,4,0,0,1,4,1,2021,439819,80.3238192132485,0.0910076377157797,"1209","12"
"175","Halton Hills",2003,0,0,0,0,"Ontario","3524015_2003",3524015,32.77,4,NA,NA,0,1,NA,FALSE,1,0,1,0,1,-5,2001,48184,173.714771500995,0.136683179995282,"3524","35"
"176","Halton Hills",2006,0,0,0,0,"Ontario","3524015_2006",3524015,31.6,2,NA,NA,0,1,NA,FALSE,2,0,1,0,1,-4,2006,55289,198.682055455324,0.147455586916819,"3524","35"
"177","Halton Hills",2010,0,0,0,0,"Ontario","3524015_2010",3524015,25.62,1,NA,NA,1,1,NA,FALSE,3,0,1,0,1,-3,2011,59008,212.455713039905,0.0672647362043083,"3524","35"
"178","Halton Hills",2014,0,0,0,0,"Ontario","3524015_2014",3524015,33.61,2,NA,NA,0,1,74.0033927056828,FALSE,4,0,0,0,1,-2,2016,61161,220.187263397515,0.0364865780911063,"3524","35"
"179","Halton Hills",2018,0,0,0,0,"Ontario","3524015_2018",3524015,29.42,3,NA,NA,0,1,64.8470070007079,FALSE,5,0,0,0,1,-1,2016,61161,220.187263397515,0.0364865780911063,"3524","35"
"180","Hamilton",2003,0,0,0,0,"Ontario","3525005_2003",3525005,37.97,7,NA,NA,0,1,11.6088404740461,FALSE,1,0,0,0,1,-5,2001,490268,436.98775931575,NA,"3525","35"
"181","Hamilton",2006,0,0,0,0,"Ontario","3525005_2006",3525005,37.25,7,NA,NA,0,1,0.35594474981494,FALSE,2,0,0,0,1,-4,2006,504559,439.4674538587,0.0291493632054305,"3525","35"
"182","Hamilton",2010,0,0,0,0,"Ontario","3525005_2010",3525005,40.45,15,NA,NA,0,1,8.92019777012764,FALSE,3,0,0,0,1,-3,2011,519949,452.921780549877,0.0305018838232992,"3525","35"
"183","Hamilton",2014,0,0,0,0,"Ontario","3525005_2014",3525005,34.02,12,NA,NA,0,1,16.3099156965074,FALSE,4,0,0,0,1,-2,2016,536917,467.679317263124,0.0326339698701219,"3525","35"
"184","Hamilton",2018,0,0,0,0,"Ontario","3525005_2018",3525005,38.36,15,NA,NA,0,1,15.8088474113851,FALSE,5,0,0,0,1,-1,2016,536917,467.679317263124,0.0326339698701219,"3525","35"
"185","Jasper",2007,2010,0,0,0,"Alberta","4815033_2007",4815033,37.22,2,NA,NA,0,1,27.4750575594781,FALSE,1,0,0,1,1,-1,2006,4265,4.54046666160491,0.0203349282296651,"4815","48"
"186","Jasper",2010,2010,1,0,-1,"Alberta","4815033_2010",4815033,39.94,2,NA,NA,0,1,76.8680445151033,TRUE,1,1,0,1,2,0,2011,4051,4.31264392357893,-0.0501758499413834,"4815","48"
"187","Jasper",2013,2010,1,0,-1,"Alberta","4815033_2013",4815033,42.45,3,NA,NA,0,1,75.1682368775236,TRUE,2,0,0,1,2,1,2011,4051,4.31264392357893,-0.0501758499413834,"4815","48"
"188","Jasper",2017,2010,1,0,-1,"Alberta","4815033_2017",4815033,41.89,1,NA,NA,1,1,NA,TRUE,3,0,1,1,2,2,2016,4590,4.8966430141029,0.133053567020489,"4815","48"
"189","Kamloops",2002,2014,0,0,0,"British Columbia","5933042_2002",5933042,36.6,2,NA,NA,0,1,64.5134321703266,FALSE,1,0,0,1,1,-4,2001,77281,258.288684065641,0.0116108594915831,"5933","59"
"190","Kamloops",2005,2014,0,0,0,"British Columbia","5933042_2005",5933042,44.5,3,NA,NA,0,1,35.0428989119494,FALSE,2,0,0,1,1,-3,2006,80376,254.984031139674,0.0400486536147307,"5933","59"
"191","Kamloops",2008,2014,0,0,0,"British Columbia","5933042_2008",5933042,28.42,3,NA,NA,0,1,51.8769836926781,FALSE,3,0,0,1,1,-2,2006,80376,254.984031139674,0.0400486536147307,"5933","59"
"192","Kamloops",2011,2014,0,0,0,"British Columbia","5933042_2011",5933042,29.76,4,NA,NA,0,1,44.8256352227137,FALSE,4,0,0,1,1,-1,2011,85678,270.484723854475,0.0659649646660695,"5933","59"
"193","Kamloops",2014,2014,1,0,-1,"British Columbia","5933042_2014",5933042,33.14,4,NA,NA,0,1,70.4216654904728,TRUE,1,1,0,1,2,0,2016,90280,285.013594971688,0.0537127383925862,"5933","59"
"194","Kamloops",2017,2014,1,0,-1,"British Columbia","5933042_2017",5933042,21.17,6,NA,NA,0,1,44.8917249338131,TRUE,2,0,0,1,2,1,2016,90280,285.013594971688,0.0537127383925862,"5933","59"
"195","Kamloops",2018,2014,1,0,-1,"British Columbia","5933042_2018",5933042,30.01,2,NA,NA,0,1,71.0264980865184,TRUE,3,0,0,1,2,2,2016,90280,285.013594971688,0.0537127383925862,"5933","59"
"196","Kawartha Lakes",2003,2014,0,0,0,"Ontario","3516010_2003",3516010,48.4,5,NA,NA,0,1,7.81636580225419,FALSE,1,0,0,1,1,-3,2001,69179,22.4083963039579,NA,"3516","35"
"197","Kawartha Lakes",2006,2014,0,0,0,"Ontario","3516010_2006",3516010,45,6,NA,NA,0,1,2.6021168468916,FALSE,2,0,0,1,1,-2,2006,74561,22.3671366181231,0.0777981757469752,"3516","35"
"198","Kawartha Lakes",2010,2014,0,0,0,"Ontario","3516010_2010",3516010,44,3,NA,NA,0,1,3.8911311187002,FALSE,3,0,0,1,1,-1,2011,73214,21.9535407436879,-0.0180657448263838,"3516","35"
"199","Kawartha Lakes",2014,2014,1,0,-1,"Ontario","3516010_2014",3516010,41.48,5,NA,NA,0,1,40.3358647983742,TRUE,1,1,0,1,2,0,2016,75423,22.6148467615879,0.0301718250607807,"3516","35"
"200","Kawartha Lakes",2018,2014,1,0,-1,"Ontario","3516010_2018",3516010,38.05,4,NA,NA,0,1,6.15901898734177,TRUE,2,0,0,1,2,1,2016,75423,22.6148467615879,0.0301718250607807,"3516","35"
"201","Kelowna",2002,0,0,0,0,"British Columbia","5935010_2002",5935010,23.4,2,NA,NA,0,1,72.3233881013109,FALSE,1,0,0,0,1,-6,2001,96288,454.068907916768,0.0765412222445831,"5935","59"
"202","Kelowna",2005,0,0,0,0,"British Columbia","5935010_2005",5935010,31.5,5,NA,NA,0,1,8.62821691176471,FALSE,2,0,0,0,1,-5,2006,106707,404.919521547819,0.108206630109671,"5935","59"
"203","Kelowna",2008,0,0,0,0,"British Columbia","5935010_2008",5935010,21.72,2,NA,NA,0,1,47.9502558740989,FALSE,3,0,0,0,1,-4,2006,106707,404.919521547819,0.108206630109671,"5935","59"
"204","Kelowna",2011,0,0,0,0,"British Columbia","5935010_2011",5935010,33.1,5,NA,NA,0,1,1.40370765537477,FALSE,4,0,0,0,1,-3,2011,117312,449.617278009518,0.0993842953133346,"5935","59"
"205","Kelowna",2014,0,0,0,0,"British Columbia","5935010_2014",5935010,32,8,NA,NA,0,1,21.4962408549948,FALSE,5,0,0,0,1,-2,2016,127380,488.146954230111,0.0858224222585925,"5935","59"
"206","Kelowna",2018,0,0,0,0,"British Columbia","5935010_2018",5935010,30.43,4,NA,NA,0,1,26.7487791981587,FALSE,6,0,0,0,1,-1,2016,127380,488.146954230111,0.0858224222585925,"5935","59"
"207","Kingston",2003,2018,0,0,0,"Ontario","3510010_2003",3510010,41.8,6,NA,NA,0,1,53.4732188989035,FALSE,1,0,0,1,1,-4,2001,114195,252.671208124869,NA,"3510","35"
"208","Kingston",2006,2018,0,0,0,"Ontario","3510010_2006",3510010,38.03,3,NA,NA,0,1,1.91963816135479,FALSE,2,0,0,1,1,-3,2006,117207,247.120079206954,0.0263759358991199,"3510","35"
"209","Kingston",2010,2018,0,0,0,"Ontario","3510010_2010",3510010,36.7,6,NA,NA,0,1,33.2159968710277,FALSE,3,0,0,1,1,-2,2011,123363,259.936322628084,0.0525224602626123,"3510","35"
"210","Kingston",2014,2018,0,0,0,"Ontario","3510010_2014",3510010,39.5,6,NA,NA,0,1,14.4717759928603,FALSE,4,0,0,1,1,-1,2016,123798,260.839807342881,0.00352617883806328,"3510","35"
"211","Kingston",2018,2018,1,0,-2,"Ontario","3510010_2018",3510010,41.3,4,NA,NA,0,1,46.8099278867039,TRUE,1,1,0,1,2,0,2016,123798,260.839807342881,0.00352617883806328,"3510","35"
"212","Kitchener",2003,0,0,0,0,"Ontario","3530013_2003",3530013,21.48,3,NA,NA,0,1,63.4070444915254,FALSE,1,0,0,0,1,-5,2001,190399,1388.09672767034,0.0671393341553637,"3530","35"
"213","Kitchener",2006,0,0,0,0,"Ontario","3530013_2006",3530013,25.48,4,NA,NA,0,1,45.0288492360295,FALSE,2,0,0,0,1,-4,2006,204668,1477.0675214165,0.0749426204969564,"3530","35"
"214","Kitchener",2010,0,0,0,0,"Ontario","3530013_2010",3530013,28.55,3,NA,NA,0,1,71.1687668519232,FALSE,3,0,0,0,1,-3,2011,219153,1582.72238245026,0.0707731545722829,"3530","35"
"215","Kitchener",2014,0,0,0,0,"Ontario","3530013_2014",3530013,30.66,5,NA,NA,0,1,33.2654371554453,FALSE,4,0,0,0,1,-2,2016,233222,1684.64061127905,0.0641971590623902,"3530","35"
"216","Kitchener",2018,0,0,0,0,"Ontario","3530013_2018",3530013,28.22,4,NA,NA,0,1,77.9314620942933,FALSE,5,0,0,0,1,-1,2016,233222,1684.64061127905,0.0641971590623902,"3530","35"
"217","Langley Township",2005,0,0,0,0,"British Columbia","5915001_2005",5915001,19.53,2,NA,NA,0,1,24.9220436555529,FALSE,1,0,0,0,1,-5,2006,93726,298.326214428579,0.0785997053949549,"5915","59"
"218","Langley Township",2008,0,0,0,0,"British Columbia","5915001_2008",5915001,21,2,NA,NA,0,1,8.69022869022869,FALSE,2,0,0,0,1,-4,2006,93726,298.326214428579,0.0785997053949549,"5915","59"
"219","Langley Township",2011,0,0,0,0,"British Columbia","5915001_2011",5915001,27,3,NA,NA,0,1,6.2965326526271,FALSE,3,0,0,0,1,-3,2011,104177,330.969513487809,0.111505878838316,"5915","59"
"220","Langley Township",2014,0,0,0,0,"British Columbia","5915001_2014",5915001,30,3,NA,NA,0,1,24.6799682175333,FALSE,4,0,0,0,1,-2,2016,117285,372.613526876544,0.125824318227632,"5915","59"
"221","Langley Township",2018,0,0,0,0,"British Columbia","5915001_2018",5915001,30,3,NA,NA,0,1,25.0436944109993,FALSE,5,0,0,0,1,-1,2016,117285,372.613526876544,0.125824318227632,"5915","59"
"222","Laval",2005,2017,0,0,0,"Quebec","2465005_2005",2465005,30.53,4,NA,NA,0,1,58.6038899250181,FALSE,1,0,0,1,1,-3,2006,368709,1496.07481668459,0.0749376831241527,"2465","24"
"223","Laval",2009,2017,0,0,0,"Quebec","2465005_2009",2465005,35.69,5,NA,NA,0,1,38.6525800030623,FALSE,2,0,0,1,1,-2,2011,401553,1625.87448051259,0.0890783788841607,"2465","24"
"224","Laval",2013,2017,0,0,0,"Quebec","2465005_2013",2465005,41.1,9,NA,NA,0,1,19.8859758994515,FALSE,3,0,0,1,1,-1,2011,401553,1625.87448051259,0.0890783788841607,"2465","24"
"225","Laval",2017,2017,1,0,-1,"Quebec","2465005_2017",2465005,36.32,7,NA,NA,0,1,25.8373379933013,TRUE,1,1,0,1,2,0,2016,422993,1711.9232326923,0.0533927028312576,"2465","24"
"226","Leamington",2003,2014,0,0,0,"Ontario","3537003_2003",3537003,NA,NA,NA,NA,NA,1,NA,FALSE,1,0,3,1,1,-3,2001,27138,102.954737432524,NA,"3537","35"
"227","Leamington",2006,2014,0,0,0,"Ontario","3537003_2006",3537003,NA,1,NA,NA,1,1,NA,FALSE,2,0,2,1,1,-2,2006,28833,107.617391340699,0.062458545213354,"3537","35"
"228","Leamington",2010,2014,0,0,0,"Ontario","3537003_2010",3537003,NA,NA,NA,NA,NA,1,NA,FALSE,3,0,3,1,1,-1,2011,28403,106.01456777443,-0.0149134672077134,"3537","35"
"229","Leamington",2014,2014,1,0,-1,"Ontario","3537003_2014",3537003,42.29,2,NA,NA,0,1,47.5973487986744,TRUE,1,1,0,1,2,0,2016,27595,102.966214283233,-0.0284476991867056,"3537","35"
"230","Leamington",2018,2014,1,0,-1,"Ontario","3537003_2018",3537003,43.84,3,NA,NA,0,1,55.0473836011537,TRUE,2,0,0,1,2,1,2016,27595,102.966214283233,-0.0284476991867056,"3537","35"
"231","Lethbridge",2007,0,0,0,0,"Alberta","4802012_2007",4802012,22.6,1,NA,NA,1,1,NA,FALSE,1,0,1,0,1,-4,2006,74637,597.258645474336,0.107801228960727,"4802","48"
"232","Lethbridge",2010,0,0,0,0,"Alberta","4802012_2010",4802012,35.1,6,NA,NA,0,1,0.848217926759644,FALSE,2,0,0,0,1,-3,2011,83517,666.103478489875,0.11897584308051,"4802","48"
"233","Lethbridge",2013,0,0,0,0,"Alberta","4802012_2013",4802012,29.8,4,NA,NA,0,1,15.8565773727331,FALSE,3,0,0,0,1,-2,2011,83517,666.103478489875,0.11897584308051,"4802","48"
"234","Lethbridge",2017,0,0,0,0,"Alberta","4802012_2017",4802012,27.09,3,NA,NA,0,1,54.1522167025963,FALSE,4,0,0,0,1,-1,2016,92729,742.413161022448,0.110300896823401,"4802","48"
"235","Levis",2005,0,0,0,0,"Quebec","2425213_2005",2425213,48.03,4,NA,NA,0,1,13.2781129774844,FALSE,1,0,0,0,1,-4,2006,130006,285.432611230205,NA,"2425","24"
"236","Levis",2009,0,0,0,0,"Quebec","2425213_2009",2425213,28.2,1,NA,NA,1,1,NA,FALSE,2,0,1,0,1,-3,2011,138769,304.672056819717,0.0674045813270157,"2425","24"
"237","Levis",2013,0,0,0,0,"Quebec","2425213_2013",2425213,46.4,6,NA,NA,0,1,4.7441935679489,FALSE,3,0,0,0,1,-2,2011,138769,304.672056819717,0.0674045813270157,"2425","24"
"238","Levis",2017,0,0,0,0,"Quebec","2425213_2017",2425213,36.51,2,NA,NA,0,1,84.4160383482299,FALSE,4,0,0,0,1,-1,2016,143414,315.072767564312,0.0334728938019298,"2425","24"
"239","London",2003,0,0,0,0,"Ontario","3539036_2003",3539036,35.92,11,NA,NA,0,1,11.9599385920023,FALSE,1,0,0,0,1,-5,2001,336539,795.688464166369,0.0334504339067576,"3539","35"
"240","London",2006,0,0,0,0,"Ontario","3539036_2006",3539036,42.93,6,NA,NA,0,1,22.222005709442,FALSE,2,0,0,0,1,-4,2006,352395,828.426801764527,0.0471148960447378,"3539","35"
"241","London",2010,0,0,0,0,"Ontario","3539036_2010",3539036,39.91,15,NA,NA,0,1,2.4258012697927,FALSE,3,0,0,0,1,-3,2011,366151,860.765076189197,0.0390357411427517,"3539","35"
"242","London",2014,0,0,0,0,"Ontario","3539036_2014",3539036,43.2,15,NA,NA,0,1,23.1415885721433,FALSE,4,0,0,0,1,-2,2016,383822,902.752100066051,0.0482615095957679,"3539","35"
"243","London",2018,0,0,0,0,"Ontario","3539036_2018",3539036,39.46,14,NA,NA,0,1,27.1044544498555,FALSE,5,0,0,0,1,-1,2016,383822,902.752100066051,0.0482615095957679,"3539","35"
"244","Longueuil",2005,0,0,0,0,"Quebec","2458227_2005",2458227,38.32,2,NA,NA,0,1,28.4355818465159,FALSE,1,0,0,0,1,-4,2006,229330,1983.94280625003,NA,"2458","24"
"245","Longueuil",2009,0,0,0,0,"Quebec","2458227_2009",2458227,38.87,2,NA,NA,0,1,5.83746955637081,FALSE,2,0,0,0,1,-3,2011,231409,2001.92831662457,0.00906553874329569,"2458","24"
"246","Longueuil",2013,0,0,0,0,"Quebec","2458227_2013",2458227,34,2,NA,NA,0,1,74.6047792515643,FALSE,3,0,0,0,1,-2,2011,231409,2001.92831662457,0.00906553874329569,"2458","24"
"247","Longueuil",2017,0,0,0,0,"Quebec","2458227_2017",2458227,33.1,3,NA,NA,0,1,0.20230421067069,FALSE,4,0,0,0,1,-1,2016,239700,2070.81889613172,0.0358283385693728,"2458","24"
"248","Maple Ridge",2005,0,0,0,0,"British Columbia","5915075_2005",5915075,30.87,4,NA,NA,0,1,23.1032316605012,FALSE,1,0,0,0,1,-5,2006,68949,242.643399402036,0.0915005778150675,"5915","59"
"249","Maple Ridge",2008,0,0,0,0,"British Columbia","5915075_2008",5915075,29.05,3,NA,NA,0,1,17.2925326071377,FALSE,2,0,0,0,1,-4,2006,68949,242.643399402036,0.0915005778150675,"5915","59"
"250","Maple Ridge",2011,0,0,0,0,"British Columbia","5915075_2011",5915075,25.07,2,NA,NA,0,1,19.056913107971,FALSE,3,0,0,0,1,-3,2011,76052,267.308659219595,0.103018172852398,"5915","59"
"251","Maple Ridge",2014,0,0,0,0,"British Columbia","5915075_2014",5915075,31.26,5,NA,NA,0,1,4.82529118136439,FALSE,4,0,0,0,1,-2,2016,82256,289.114567306146,0.0815757639509809,"5915","59"
"252","Maple Ridge",2018,0,0,0,0,"British Columbia","5915075_2018",5915075,33.69,5,NA,NA,0,1,33.8219947323958,FALSE,5,0,0,0,1,-1,2016,82256,289.114567306146,0.0815757639509809,"5915","59"
"253","Markham",2003,0,0,0,0,"Ontario","3519036_2003",3519036,28,3,NA,NA,0,1,62.3489264894071,FALSE,1,0,0,0,1,-5,2001,208615,978.940808072756,0.203203312896881,"3519","35"
"254","Markham",2006,0,0,0,0,"Ontario","3519036_2006",3519036,37.9,4,NA,NA,0,1,74.5604273314044,FALSE,2,0,0,0,1,-4,2006,261573,1225.19324781389,0.253855187786113,"3519","35"
"255","Markham",2010,0,0,0,0,"Ontario","3519036_2010",3519036,35.5,3,NA,NA,0,1,80.3042447043428,FALSE,3,0,0,0,1,-3,2011,301709,1413.35160033052,0.153440913244104,"3519","35"
"256","Markham",2014,0,0,0,0,"Ontario","3519036_2014",3519036,37.09,5,NA,NA,0,1,54.230239603415,FALSE,4,0,0,0,1,-2,2016,328966,1542.74856447416,0.090342018302404,"3519","35"
"257","Markham",2018,0,0,0,0,"Ontario","3519036_2018",3519036,38.26,5,NA,NA,0,1,57.3977781505232,FALSE,5,0,0,0,1,-1,2016,328966,1542.74856447416,0.090342018302404,"3519","35"
"258","Medicine Hat",2007,0,0,0,0,"Alberta","4801006_2007",4801006,47.5,4,NA,NA,0,1,32.3404255319149,FALSE,1,0,0,0,1,-4,2006,56997,475.942551545413,0.112158286015337,"4801","48"
"259","Medicine Hat",2010,0,0,0,0,"Alberta","4801006_2010",4801006,38.23,3,NA,NA,0,1,2.69464720194647,FALSE,2,0,0,0,1,-3,2011,60005,501.060489662313,0.0527747074407425,"4801","48"
"260","Medicine Hat",2013,0,0,0,0,"Alberta","4801006_2013",4801006,40.2,4,NA,NA,0,1,25.7612278026465,FALSE,3,0,0,0,1,-2,2011,60005,501.060489662313,0.0527747074407425,"4801","48"
"261","Medicine Hat",2017,0,0,0,0,"Alberta","4801006_2017",4801006,34.61,4,NA,NA,0,1,31.6007052100432,FALSE,4,0,0,0,1,-1,2016,63260,528.299384572138,0.0542454795433714,"4801","48"
"262","Milton",2003,0,0,0,0,"Ontario","3524009_2003",3524009,35.68,6,NA,NA,0,1,38.4261918437679,FALSE,1,0,0,0,1,-5,2001,31471,85.4430917969291,-0.0197171692000997,"3524","35"
"263","Milton",2006,0,0,0,0,"Ontario","3524009_2006",3524009,30.11,3,NA,NA,0,1,24.8272992093217,FALSE,2,0,0,0,1,-4,2006,53939,146.285322634545,0.71392710749579,"3524","35"
"264","Milton",2010,0,0,0,0,"Ontario","3524009_2010",3524009,32.64,4,NA,NA,0,1,70.6943824523369,FALSE,3,0,0,0,1,-3,2011,84362,231.101908649411,0.564026029403585,"3524","35"
"265","Milton",2014,0,0,0,0,"Ontario","3524009_2014",3524009,26.5,3,NA,NA,0,1,61.1514990713717,FALSE,4,0,0,0,1,-2,2016,110128,301.690411965972,0.305421872407008,"3524","35"
"266","Milton",2018,0,0,0,0,"Ontario","3524009_2018",3524009,37,3,NA,NA,0,1,70.2925796274688,FALSE,5,0,0,0,1,-1,2016,110128,301.690411965972,0.305421872407008,"3524","35"
"267","Mississauga",2003,0,0,0,0,"Ontario","3521005_2003",3521005,19.99,5,NA,NA,0,1,86.9943897838805,FALSE,1,0,0,0,1,-5,2001,612925,2121.73348882258,0.125909747199577,"3521","35"
"268","Mississauga",2006,0,0,0,0,"Ontario","3521005_2006",3521005,24.72,3,NA,NA,0,1,84.1031129816414,FALSE,2,0,0,0,1,-4,2006,668549,2304.71926405521,0.0907517232940409,"3521","35"
"269","Mississauga",2010,0,0,0,0,"Ontario","3521005_2010",3521005,34.34,17,NA,NA,0,1,67.5249649828224,FALSE,3,0,0,0,1,-3,2011,713443,2435.73066389154,0.0671513980276689,"3521","35"
"270","Mississauga",2014,0,0,0,0,"Ontario","3521005_2014",3521005,36.57,15,NA,NA,0,1,34.5037041591098,FALSE,4,0,0,0,1,-2,2016,721599,2463.36490650534,0.0114318873406845,"3521","35"
"271","Mississauga",2018,0,0,0,0,"Ontario","3521005_2018",3521005,27.59,8,NA,NA,0,1,63.1918409111877,FALSE,5,0,0,0,1,-1,2016,721599,2463.36490650534,0.0114318873406845,"3521","35"
"272","Moncton",2004,0,0,0,0,"New Brunswick","1307019_2004",1307019,37.56,3,NA,NA,0,1,3.55142280976921,FALSE,1,0,0,0,1,-4,2006,8861,15.172147108974,0.0134965114949102,"1307","13"
"273","Moncton",2008,0,0,0,0,"New Brunswick","1307019_2008",1307019,35.86,2,NA,NA,0,1,53.1896094716381,FALSE,2,0,0,0,1,-3,2006,8861,15.172147108974,0.0134965114949102,"1307","13"
"274","Moncton",2012,0,0,0,0,"New Brunswick","1307019_2012",1307019,33.04,2,NA,NA,0,1,73.2334686082597,FALSE,3,0,0,0,1,-2,2011,9421,16.2106424752008,0.0631982846179889,"1307","13"
"275","Moncton",2016,0,0,0,0,"New Brunswick","1307019_2016",1307019,35.76,2,NA,NA,0,1,5.28636730303845,FALSE,4,0,0,0,1,-1,2016,9811,16.8800615452102,0.0413968793121749,"1307","13"
"276","Montreal",2005,2009,0,0,0,"Quebec","2466023_2005",2466023,34.95,4,NA,NA,0,1,17.404641379347,FALSE,1,0,0,1,1,-1,2006,1620693,4427.85304535125,NA,"2466","24"
"277","Montreal",2009,2009,1,0,-1,"Quebec","2466023_2009",2466023,39.44,6,NA,NA,0,1,5.00510442760124,TRUE,1,1,0,1,2,0,2011,1649519,4512.16853142409,0.0177862186114212,"2466","24"
"278","Montreal",2013,2009,1,0,-6,"Quebec","2466023_2013",2466023,43.3,11,NA,NA,0,1,5.53057262005249,TRUE,2,0,0,1,3,1,2011,1649519,4512.16853142409,0.0177862186114212,"2466","24"
"279","Montreal",2017,2009,1,0,-6,"Quebec","2466023_2017",2466023,42.47,8,NA,NA,0,1,5.61907018429429,TRUE,3,0,0,1,3,2,2016,1704694,4656.20559507607,0.0334491448719293,"2466","24"
"280","Moose Jaw",2006,2020,0,0,0,"Saskatchewan","4707038_2006",4707038,NA,3,NA,NA,0,1,NA,FALSE,1,0,2,1,1,-4,2006,1228,1.52162601054616,-0.115273775216138,"4707","47"
"281","Moose Jaw",2009,2020,0,0,0,"Saskatchewan","4707038_2009",4707038,NA,3,NA,NA,0,1,NA,FALSE,2,0,2,1,1,-3,2011,1147,1.4281298271364,-0.0659609120521173,"4707","47"
"282","Moose Jaw",2012,2020,0,0,0,"Saskatchewan","4707038_2012",4707038,NA,2,NA,NA,0,1,NA,FALSE,3,0,2,1,1,-2,2011,1147,1.4281298271364,-0.0659609120521173,"4707","47"
"283","Moose Jaw",2016,2020,0,0,0,"Saskatchewan","4707038_2016",4707038,NA,5,NA,NA,0,1,NA,FALSE,4,0,2,1,1,-1,2016,1163,1.44805142890988,0.013949433304272,"4707","47"
"284","Moose Jaw",2020,2020,1,0,-1,"Saskatchewan","4707038_2020",4707038,NA,3,NA,NA,0,1,NA,TRUE,1,1,2,1,2,0,2021,1207,1.55216941717003,0.0378331900257954,"4707","47"
"285","Nanaimo",2005,2018,0,0,0,"British Columbia","5921007_2005",5921007,35.4,8,NA,NA,0,1,6.71842054820778,FALSE,1,0,0,1,1,-4,2006,78692,862.244658689527,0.077972602739726,"5921","59"
"286","Nanaimo",2008,2018,0,0,0,"British Columbia","5921007_2008",5921007,31.6,4,NA,NA,0,1,10.527662623471,FALSE,2,0,0,1,1,-3,2006,78692,862.244658689527,0.077972602739726,"5921","59"
"287","Nanaimo",2011,2018,0,0,0,"British Columbia","5921007_2011",5921007,26.9,4,NA,NA,0,1,20.0267100220648,FALSE,3,0,0,1,1,-2,2011,83810,897.785113456643,0.0650383774716617,"5921","59"
"288","Nanaimo",2014,2018,0,0,0,"British Columbia","5921007_2014",5921007,34.1,10,NA,NA,0,1,9.81518940787054,FALSE,4,0,0,1,1,-1,2016,90504,975.140090730351,0.079871137095812,"5921","59"
"289","Nanaimo",2018,2018,1,0,-2,"British Columbia","5921007_2018",5921007,39.7,3,NA,NA,0,1,48.1819836214741,TRUE,1,1,0,1,2,0,2016,90504,975.140090730351,0.079871137095812,"5921","59"
"290","Nelson",2008,2011,0,0,0,"British Colombia","1309014_2008",1309014,49,4,NA,NA,0,1,23.1167337550316,FALSE,1,0,0,1,1,-1,2006,814,2.25985745518785,-0.202742409402547,"1309","13"
"291","Nelson",2011,2011,1,0,-1,"British Colombia","1309014_2011",1309014,34,3,NA,NA,0,1,48.8980201718341,TRUE,1,1,0,1,2,0,2011,935,2.59578199584486,0.148648648648649,"1309","13"
"292","Nelson",2014,2011,1,0,-1,"British Colombia","1309014_2014",1309014,54,3,NA,NA,0,1,6.76130895091434,TRUE,2,0,0,1,2,1,2016,957,2.65663869302926,0.0235294117647059,"1309","13"
"293","Nelson",2018,2011,1,0,-1,"British Colombia","1309014_2018",1309014,55,3,NA,NA,0,1,8.94553881807648,TRUE,3,0,0,1,2,2,2016,957,2.65663869302926,0.0235294117647059,"1309","13"
"294","New Westminster",2005,2018,0,0,0,"British Columbia","5915029_2005",5915029,26.15,2,NA,NA,0,1,12.7508969262096,FALSE,1,0,0,1,1,-4,2006,58549,3216.64752028226,0.07122731264637,"5915","59"
"295","New Westminster",2008,2018,0,0,0,"British Columbia","5915029_2008",5915029,23.86,2,NA,NA,0,1,13.6940150614348,FALSE,2,0,0,1,1,-3,2006,58549,3216.64752028226,0.07122731264637,"5915","59"
"296","New Westminster",2011,2018,0,0,0,"British Columbia","5915029_2011",5915029,24.22,4,NA,NA,0,1,32.336881073577,FALSE,3,0,0,1,1,-2,2011,65976,3624.46348041006,0.126851013680849,"5915","59"
"297","New Westminster",2014,2018,0,0,0,"British Columbia","5915029_2014",5915029,29,4,NA,NA,0,1,17.2480087887943,FALSE,4,0,0,1,1,-1,2016,70996,3900.24265270997,0.0760882745240694,"5915","59"
"298","New Westminster",2018,2018,1,0,-1,"British Columbia","5915029_2018",5915029,27,4,NA,NA,0,1,60.1127505567929,TRUE,1,1,0,1,2,0,2016,70996,3900.24265270997,0.0760882745240694,"5915","59"
"299","Newmarket",2003,0,0,0,0,"Ontario","3519048_2003",3519048,31.25,3,NA,NA,0,1,NA,FALSE,1,0,1,0,1,-5,2001,65788,1721.79762804791,0.15164989059081,"3519","35"
"300","Newmarket",2006,0,0,0,0,"Ontario","3519048_2006",3519048,34.57,5,NA,NA,0,1,NA,FALSE,2,0,1,0,1,-4,2006,74295,1944.47381562321,0.129309296528242,"3519","35"
"301","Newmarket",2010,0,0,0,0,"Ontario","3519048_2010",3519048,32.6,2,NA,NA,0,1,NA,FALSE,3,0,1,0,1,-3,2011,79978,2079.33276655929,0.0764923615317316,"3519","35"
"302","Newmarket",2014,0,0,0,0,"Ontario","3519048_2014",3519048,36.77,3,NA,NA,0,1,14.7499265929333,FALSE,4,0,0,0,1,-2,2016,84224,2183.2364333801,0.053089599639901,"3519","35"
"303","Newmarket",2018,0,0,0,0,"Ontario","3519048_2018",3519048,34.64,3,NA,NA,0,1,48.4487844573289,FALSE,5,0,0,0,1,-1,2016,84224,2183.2364333801,0.053089599639901,"3519","35"
"304","Niagara Falls",2003,0,0,0,0,"Ontario","3526043_2003",3526043,47.81,4,NA,NA,0,1,NA,FALSE,1,0,1,0,1,-5,2001,78815,370.787739093441,0.0246759494000026,"3526","35"
"305","Niagara Falls",2006,0,0,0,0,"Ontario","3526043_2006",3526043,41.3,4,NA,NA,0,1,NA,FALSE,2,0,1,0,1,-4,2006,82184,384.260415823596,0.0427456702404365,"3526","35"
"306","Niagara Falls",2010,0,0,0,0,"Ontario","3526043_2010",3526043,42.8,3,NA,NA,0,1,NA,FALSE,3,0,1,0,1,-3,2011,82997,387.992134974908,0.00989243648398715,"3526","35"
"307","Niagara Falls",2014,0,0,0,0,"Ontario","3526043_2014",3526043,36.7,4,NA,NA,0,1,72.7466545701973,FALSE,4,0,0,0,1,-2,2016,88071,411.519884029995,0.0611347398098726,"3526","35"
"308","Niagara Falls",2018,0,0,0,0,"Ontario","3526043_2018",3526043,39.19,4,NA,NA,0,1,23.1952809174161,FALSE,5,0,0,0,1,-1,2016,88071,411.519884029995,0.0611347398098726,"3526","35"
"309","Norfolk",2006,0,0,0,0,"Ontario","3528052_2006",3528052,38.92,4,NA,NA,0,1,4.31883769529306,FALSE,1,0,0,0,1,-4,2006,62563,38.7833555423934,0.0282018834124936,"3528","35"
"310","Norfolk",2010,0,0,0,0,"Ontario","3528052_2010",3528052,35.7,2,NA,NA,0,1,32.507069370074,FALSE,2,0,0,0,1,-3,2011,63175,39.0847572960616,0.00978213960327989,"3528","35"
"311","Norfolk",2014,0,0,0,0,"Ontario","3528052_2014",3528052,41.67,3,NA,NA,0,1,12.5170480375815,FALSE,3,0,0,0,1,-2,2016,64044,39.6250560433074,0.0137554412346656,"3528","35"
"312","Norfolk",2018,0,0,0,0,"Ontario","3528052_2018",3528052,41.3,3,NA,NA,0,1,10.8396795569182,FALSE,4,0,0,0,1,-1,2016,64044,39.6250560433074,0.0137554412346656,"3528","35"
"313","North Bay",2003,2018,0,0,0,"Ontario","3548044_2003",3548044,43,4,NA,NA,0,1,NA,FALSE,1,0,1,1,1,-4,2001,52771,163.909402690636,-0.0287307663991754,"3548","35"
"314","North Bay",2006,2018,0,0,0,"Ontario","3548044_2006",3548044,45,2,NA,NA,0,1,NA,FALSE,2,0,1,1,1,-3,2006,53966,140.595969971248,0.0226450133596104,"3548","35"
"315","North Bay",2010,2018,0,0,0,"Ontario","3548044_2010",3548044,43.99,2,NA,NA,0,1,NA,FALSE,3,0,1,1,1,-2,2011,53651,139.775798067154,-0.00583700848682504,"3548","35"
"316","North Bay",2014,2018,0,0,0,"Ontario","3548044_2014",3548044,46.35,4,NA,NA,0,1,68.1831488963054,FALSE,4,0,0,1,1,-1,2016,51553,134.324198264737,-0.0391045833255671,"3548","35"
"317","North Bay",2018,2018,1,0,-1,"Ontario","3548044_2018",3548044,45.25,5,NA,NA,0,1,8.08727617692399,TRUE,1,1,0,1,2,0,2016,51553,134.324198264737,-0.0391045833255671,"3548","35"
"318","North Vancouver",2002,2014,0,0,0,"British Columbia","5915051_2002",5915051,26.13,2,NA,NA,0,1,1.70092931568572,FALSE,1,0,0,1,1,-4,2001,44303,3702.27609105287,0.0681856540084388,"5915","59"
"319","North Vancouver",2005,2014,0,0,0,"British Columbia","5915051_2005",5915051,22.37,4,NA,NA,0,1,3.13461538461538,FALSE,2,0,0,1,1,-3,2006,45165,3783.87390270589,0.0194569216531612,"5915","59"
"320","North Vancouver",2008,2014,0,0,0,"British Columbia","5915051_2008",5915051,16.71,1,NA,NA,1,1,NA,FALSE,3,0,1,1,1,-2,2006,45165,3783.87390270589,0.0194569216531612,"5915","59"
"321","North Vancouver",2011,2014,0,0,0,"British Columbia","5915051_2011",5915051,21.2,2,NA,NA,0,1,35.2529246992915,FALSE,4,0,0,1,1,-1,2011,48196,4066.23278668055,0.0671094874349607,"5915","59"
"322","North Vancouver",2014,2014,1,0,-1,"British Columbia","5915051_2014",5915051,30,3,NA,NA,0,1,6.05071724794344,TRUE,1,1,0,1,2,0,2016,52898,4453.52207776026,0.0975599634824467,"5915","59"
"323","North Vancouver",2018,2014,1,0,-1,"British Columbia","5915051_2018",5915051,34,6,NA,NA,0,1,1.76995056497175,TRUE,2,0,0,1,2,1,2016,52898,4453.52207776026,0.0975599634824467,"5915","59"
"324","Oakville",2003,0,0,0,0,"Ontario","3524001_2003",3524001,28.8,3,NA,NA,0,1,0.0468457214241099,FALSE,1,0,0,0,1,-5,2001,144738,1043.76765668813,0.127199096608388,"3524","35"
"325","Oakville",2006,0,0,0,0,"Ontario","3524001_2006",3524001,35.32,5,NA,NA,0,1,4.11893552204235,FALSE,2,0,0,0,1,-4,2006,165613,1188.49407016,0.144226118918321,"3524","35"
"326","Oakville",2010,0,0,0,0,"Ontario","3524001_2010",3524001,40,4,NA,NA,0,1,9.99380293327825,FALSE,3,0,0,0,1,-3,2011,182520,1307.01225105577,0.102087396520805,"3524","35"
"327","Oakville",2014,0,0,0,0,"Ontario","3524001_2014",3524001,33,5,NA,NA,0,1,42.4131103742754,FALSE,4,0,0,0,1,-2,2016,193832,1388.01674768897,0.0619767696690774,"3524","35"
"328","Oakville",2018,0,0,0,0,"Ontario","3524001_2018",3524001,37,3,NA,NA,0,1,7.47898078242965,FALSE,5,0,0,0,1,-1,2016,193832,1388.01674768897,0.0619767696690774,"3524","35"
"329","Oshawa",2003,0,0,0,0,"Ontario","3518013_2003",3518013,27.6,5,NA,NA,0,1,24.9662751291416,FALSE,1,0,0,0,1,-5,2001,139051,950.422417334656,0.034882855526778,"3518","35"
"330","Oshawa",2006,0,0,0,0,"Ontario","3518013_2006",3518013,25.1,3,NA,NA,0,1,49.9544178244539,FALSE,2,0,0,0,1,-4,2006,141590,963.555170832159,0.0182594875261595,"3518","35"
"331","Oshawa",2010,0,0,0,0,"Ontario","3518013_2010",3518013,29.9,7,NA,NA,0,1,19.0106604656781,FALSE,3,0,0,0,1,-3,2011,149607,1018.15684802644,0.0566212303128752,"3518","35"
"332","Oshawa",2014,0,0,0,0,"Ontario","3518013_2014",3518013,26.4,9,NA,NA,0,1,20.0027330805234,FALSE,4,0,0,0,1,-2,2016,159458,1085.53276289389,0.0658458494589157,"3518","35"
"333","Oshawa",2018,0,0,0,0,"Ontario","3518013_2018",3518013,24.1,7,NA,NA,0,1,56.0955205719066,FALSE,5,0,0,0,1,-1,2016,159458,1085.53276289389,0.0658458494589157,"3518","35"
"334","Ottawa",2003,2014,0,0,0,"Ontario","3506008_2003",3506008,32.35,8,NA,NA,0,1,20.517574060762,FALSE,1,0,0,1,1,-3,2001,774072,277.053472520394,NA,"3506","35"
"335","Ottawa",2006,2014,0,0,0,"Ontario","3506008_2006",3506008,53.53,7,NA,NA,0,1,10.8352580831159,FALSE,2,0,0,1,1,-2,2006,812129,280.804959718824,0.0491646771876518,"3506","35"
"336","Ottawa",2010,2014,0,0,0,"Ontario","3506008_2010",3506008,44.4,20,NA,NA,0,1,24.648049250853,FALSE,3,0,0,1,1,-1,2011,883391,305.457729786532,0.0877471436188093,"3506","35"
"337","Ottawa",2014,2014,1,0,-2,"Ontario","3506008_2014",3506008,39.92,8,NA,NA,0,1,56.6068825654351,TRUE,1,1,0,1,2,0,2016,934243,323.035680857526,0.0575645438995869,"3506","35"
"338","Ottawa",2018,2014,1,0,-3,"Ontario","3506008_2018",3506008,42.55,12,NA,NA,0,1,48.1161870023575,TRUE,2,0,0,1,3,1,2016,934243,323.035680857526,0.0575645438995869,"3506","35"
"339","Oxford",2004,2016,0,0,0,"Nova Scotia","1211012_2004",1211012,NA,NA,NA,NA,NA,1,NA,FALSE,1,0,3,1,1,-2,2006,1178,106.298981677412,-0.115615615615616,"1211","12"
"340","Oxford",2012,2016,0,0,0,"Nova Scotia","1211012_2012",1211012,NA,3,NA,NA,0,1,NA,FALSE,2,0,2,1,1,-1,2011,1151,103.862681082915,-0.0229202037351443,"1211","12"
"341","Oxford",2016,2016,1,0,-1,"Nova Scotia","1211012_2016",1211012,NA,NA,NA,NA,NA,1,NA,TRUE,1,1,3,1,2,0,2016,1190,107.437083850581,0.0338835794960904,"1211","12"
"342","Oxford",2020,2016,1,0,-1,"Nova Scotia","1211012_2020",1211012,60.7,2,NA,NA,0,1,27.0796460176991,TRUE,2,0,0,1,2,1,2021,1170,109.589554335812,-0.0168067226890756,"1211","12"
"343","Peterborough",2003,0,0,0,0,"Ontario","3515014_2003",3515014,47.9,4,NA,NA,0,1,2.36087689713322,FALSE,1,0,0,0,1,-5,2001,71446,1212.25748688732,0.0274825627381894,"3515","35"
"344","Peterborough",2006,0,0,0,0,"Ontario","3515014_2006",3515014,48.04,8,NA,NA,0,1,26.0664642914204,FALSE,2,0,0,0,1,-4,2006,74898,1223.52984226499,0.0483162108445539,"3515","35"
"345","Peterborough",2010,0,0,0,0,"Ontario","3515014_2010",3515014,44.14,2,NA,NA,0,1,16.8091168091168,FALSE,3,0,0,0,1,-3,2011,78698,1181.81827738175,0.0507356671740233,"3515","35"
"346","Peterborough",2014,0,0,0,0,"Ontario","3515014_2014",3515014,46.95,6,NA,NA,0,1,4.89266284369946,FALSE,4,0,0,0,1,-2,2016,81032,1208.7510641386,0.0296576787211873,"3515","35"
"347","Peterborough",2018,0,0,0,0,"Ontario","3515014_2018",3515014,45.72,2,NA,NA,0,1,37.9001967447684,FALSE,5,0,0,0,1,-1,2016,81032,1208.7510641386,0.0296576787211873,"3515","35"
"348","Pickering",2003,0,0,0,0,"Ontario","3518001_2003",3518001,28.65,2,NA,NA,0,1,16.4533820840951,FALSE,1,0,0,0,1,-5,2001,87139,374.769619431478,0.103178923647596,"3518","35"
"349","Pickering",2006,0,0,0,0,"Ontario","3518001_2006",3518001,28,2,NA,NA,0,1,40.8497624378789,FALSE,2,0,0,0,1,-4,2006,87838,376.138198307537,0.00802166653278096,"3518","35"
"350","Pickering",2010,0,0,0,0,"Ontario","3518001_2010",3518001,32.16,3,NA,NA,0,1,8.26848249027237,FALSE,3,0,0,0,1,-3,2011,88721,379.933550919065,0.0100525968259751,"3518","35"
"351","Pickering",2014,0,0,0,0,"Ontario","3518001_2014",3518001,34.37,3,NA,NA,0,1,31.4945141408401,FALSE,4,0,0,0,1,-2,2016,91771,393.059174013371,0.0343774303716144,"3518","35"
"352","Pickering",2018,0,0,0,0,"Ontario","3518001_2018",3518001,29.19,4,NA,NA,0,1,47.0849977246296,FALSE,5,0,0,0,1,-1,2016,91771,393.059174013371,0.0343774303716144,"3518","35"
"353","Port Coquitlam",2005,2018,0,0,0,"British Columbia","5915039_2005",5915039,19.35,2,NA,NA,0,1,76.1842677096914,FALSE,1,0,0,1,1,-4,2006,52687,1535.48844369137,0.0278986284800125,"5915","59"
"354","Port Coquitlam",2008,2018,0,0,0,"British Columbia","5915039_2008",5915039,29.47,3,NA,NA,0,1,13.9363610612784,FALSE,2,0,0,1,1,-3,2006,52687,1535.48844369137,0.0278986284800125,"5915","59"
"355","Port Coquitlam",2011,2018,0,0,0,"British Columbia","5915039_2011",5915039,18.56,3,NA,NA,0,1,52.8359734287174,FALSE,3,0,0,1,1,-2,2011,56342,1670.55480375681,0.069371951335244,"5915","59"
"356","Port Coquitlam",2014,2018,0,0,0,"British Columbia","5915039_2014",5915039,24,2,NA,NA,0,1,77.9610349448511,FALSE,4,0,0,1,1,-1,2016,58612,1738.08403309512,0.0402896595789997,"5915","59"
"357","Port Coquitlam",2018,2018,1,0,-1,"British Columbia","5915039_2018",5915039,28,4,NA,NA,0,1,79.8967297762478,TRUE,1,1,0,1,2,0,2016,58612,1738.08403309512,0.0402896595789997,"5915","59"
"358","Prince George",2005,2018,0,0,0,"British Columbia","5953023_2005",5953023,41,4,NA,NA,0,1,NA,FALSE,1,0,1,1,1,-4,2006,70981,216.674891323718,-0.0196806894456261,"5953","59"
"359","Prince George",2008,2018,0,0,0,"British Columbia","5953023_2008",5953023,32.27,4,NA,NA,0,1,16.3628831814416,FALSE,2,0,0,1,1,-3,2006,70981,216.674891323718,-0.0196806894456261,"5953","59"
"360","Prince George",2011,2018,0,0,0,"British Columbia","5953023_2011",5953023,28.51,6,NA,NA,0,1,10.8937246290011,FALSE,3,0,0,1,1,-2,2011,71974,217.82859267972,0.0139896592045759,"5953","59"
"361","Prince George",2014,2018,0,0,0,"British Columbia","5953023_2014",5953023,37,2,NA,NA,0,1,8.35188732977787,FALSE,4,0,0,1,1,-1,2016,74003,223.969340929743,0.0281907355433907,"5953","59"
"362","Prince George",2018,2018,1,0,-1,"British Columbia","5953023_2018",5953023,24,2,NA,NA,0,1,83.6039852514317,TRUE,1,1,0,1,2,0,2016,74003,223.969340929743,0.0281907355433907,"5953","59"
"363","Quebec",2005,0,0,0,0,"Quebec","2423027_2005",2423027,50.68,5,NA,NA,0,1,12.8057094930098,FALSE,1,0,0,0,1,-4,2006,491142,1062.13625322658,NA,"2423","24"
"364","Quebec",2009,0,0,0,0,"Quebec","2423027_2009",2423027,49.35,7,NA,NA,0,1,71.4132078118425,FALSE,2,0,0,0,1,-3,2011,516622,1117.61823068795,0.0518790899576904,"2423","24"
"365","Quebec",2013,0,0,0,0,"Quebec","2423027_2013",2423027,54.9,5,NA,NA,0,1,50.0466360048336,FALSE,3,0,0,0,1,-2,2011,516622,1117.61823068795,0.0518790899576904,"2423","24"
"366","Quebec",2017,0,0,0,0,"Quebec","2423027_2017",2423027,50.89,6,NA,NA,0,1,26.6654682550479,FALSE,4,0,0,0,1,-1,2016,531902,1152.64548806107,0.0295767505061728,"2423","24"
"367","Rainy River",2003,2018,0,0,0,"Ontario","3559042_2003",3559042,NA,NA,NA,NA,NA,1,NA,FALSE,1,0,3,1,1,-4,2001,981,302.8738144993,-0.0267857142857143,"3559","35"
"368","Rainy River",2006,2018,0,0,0,"Ontario","3559042_2006",3559042,NA,NA,NA,NA,NA,1,NA,FALSE,2,0,3,1,1,-3,2006,909,280.647372288465,-0.073394495412844,"3559","35"
"369","Rainy River",2010,2018,0,0,0,"Ontario","3559042_2010",3559042,NA,1,NA,NA,1,1,NA,FALSE,3,0,2,1,1,-2,2011,842,259.959987156371,-0.0737073707370737,"3559","35"
"370","Rainy River",2014,2018,0,0,0,"Ontario","3559042_2014",3559042,52.2,2,NA,NA,0,1,28.6549707602339,FALSE,4,0,0,1,1,-1,2016,807,249.537721321715,-0.0415676959619952,"3559","35"
"371","Rainy River",2018,2018,1,0,-1,"Ontario","3559042_2018",3559042,39.7,1,NA,NA,1,1,NA,TRUE,1,1,1,1,2,0,2016,807,249.537721321715,-0.0415676959619952,"3559","35"
"372","Red Deer",2004,0,0,0,0,"Alberta","4808001_2004",4808001,27.27,3,NA,NA,0,1,8.46410789689292,FALSE,1,0,0,0,1,-5,2006,19108,4.62929801114668,0.0251622941144911,"4808","48"
"373","Red Deer",2007,0,0,0,0,"Alberta","4808001_2007",4808001,22.04,3,NA,NA,0,1,9.70694618734775,FALSE,2,0,0,0,1,-4,2006,19108,4.62929801114668,0.0251622941144911,"4808","48"
"374","Red Deer",2010,0,0,0,0,"Alberta","4808001_2010",4808001,24.79,2,NA,NA,0,1,12.6453781512605,FALSE,3,0,0,0,1,-3,2011,18351,4.50631436526385,-0.0396169143814109,"4808","48"
"375","Red Deer",2013,0,0,0,0,"Alberta","4808001_2013",4808001,31.83,5,NA,NA,0,1,7.01728540561776,FALSE,4,0,0,0,1,-2,2011,18351,4.50631436526385,-0.0396169143814109,"4808","48"
"376","Red Deer",2017,0,0,0,0,"Alberta","4808001_2017",4808001,28.8,2,NA,NA,0,1,74.9701531274332,FALSE,5,0,0,0,1,-1,2016,19541,4.8026525290038,0.0648466023649937,"4808","48"
"377","Regina",2006,0,0,0,0,"Saskatchewan","4706027_2006",4706027,36.47,4,NA,NA,0,1,69.3615111423331,FALSE,1,0,0,0,1,-5,2006,179246,1482.12888896974,0.0057287137045869,"4706","47"
"378","Regina",2009,0,0,0,0,"Saskatchewan","4706027_2009",4706027,24.97,3,NA,NA,0,1,71.8835102539877,FALSE,2,0,0,0,1,-4,2011,193100,1308.01993013236,0.0772904276803945,"4706","47"
"379","Regina",2012,0,0,0,0,"Saskatchewan","4706027_2012",4706027,32.49,9,NA,NA,0,1,10.6549517640843,FALSE,3,0,0,0,1,-3,2011,193100,1308.01993013236,0.0772904276803945,"4706","47"
"380","Regina",2016,0,0,0,0,"Saskatchewan","4706027_2016",4706027,20.4,5,NA,NA,0,1,57.0165866433872,FALSE,4,0,0,0,1,-2,2016,215106,1178.59152324295,0.113961677887105,"4706","47"
"381","Regina",2020,0,0,0,0,"Saskatchewan","4706027_2020",4706027,21.83,9,NA,NA,0,1,10.4967852240711,FALSE,5,0,0,0,1,-1,2021,226404,1266.17079581679,0.0525229421773451,"4706","47"
"382","Repentigny",2005,2017,0,0,0,"Quebec","2460013_2005",2460013,41.24,2,NA,NA,0,1,15.0912106135987,FALSE,1,0,0,1,1,-3,2006,76237,1215.25007575686,NA,"2460","24"
"383","Repentigny",2009,2017,0,0,0,"Quebec","2460013_2009",2460013,45.04,3,NA,NA,0,1,7.86319146596283,FALSE,2,0,0,1,1,-2,2011,82000,1304.93705429238,0.0755932158925456,"2460","24"
"384","Repentigny",2013,2017,0,0,0,"Quebec","2460013_2013",2460013,46.5,2,NA,NA,0,1,24.591732148958,FALSE,3,0,0,1,1,-1,2011,82000,1304.93705429238,0.0755932158925456,"2460","24"
"385","Repentigny",2017,2017,1,0,-1,"Quebec","2460013_2017",2460013,44.8,2,NA,NA,0,1,6.31648704265634,TRUE,1,1,0,1,2,0,2016,84285,1353.59059236471,0.0278658536585366,"2460","24"
"386","Richmond",2002,2018,0,0,0,"British Columbia","5915015_2002",5915015,33.65,2,NA,NA,0,1,69.5733955308103,FALSE,1,0,0,1,1,-5,2001,164345,1284.29122449251,0.103972001854004,"5915","59"
"387","Richmond",2005,2018,0,0,0,"British Columbia","5915015_2005",5915015,25.72,2,NA,NA,0,1,46.5009483877408,FALSE,2,0,0,1,1,-4,2006,174461,1124.55666770102,0.0615534394109952,"5915","59"
"388","Richmond",2008,2018,0,0,0,"British Columbia","5915015_2008",5915015,22.1,3,NA,NA,0,1,52.2826518459706,FALSE,3,0,0,1,1,-3,2006,174461,1124.55666770102,0.0615534394109952,"5915","59"
"389","Richmond",2011,2018,0,0,0,"British Columbia","5915015_2011",5915015,23.96,2,NA,NA,0,1,38.2349161472724,FALSE,4,0,0,1,1,-2,2011,190473,1255.2048135526,0.0917798247172721,"5915","59"
"390","Richmond",2014,2018,0,0,0,"British Columbia","5915015_2014",5915015,32.4,3,NA,NA,0,1,40.954155795751,FALSE,5,0,0,1,1,-1,2016,198309,1306.87791216914,0.0411396890897923,"5915","59"
"391","Richmond",2018,2018,1,0,-1,"British Columbia","5915015_2018",5915015,36.86,6,NA,NA,0,1,46.4967363463604,TRUE,1,1,0,1,2,0,2016,198309,1306.87791216914,0.0411396890897923,"5915","59"
"392","Richmond Hill",2003,0,0,0,0,"Ontario","3519038_2003",3519038,NA,3,NA,NA,0,1,NA,FALSE,1,0,2,0,1,-5,2001,132030,1297.93426408597,0.297911034652249,"3519","35"
"393","Richmond Hill",2006,0,0,0,0,"Ontario","3519038_2006",3519038,31.2,4,NA,NA,0,1,NA,FALSE,2,0,1,0,1,-4,2006,162704,1590.83918174798,0.232325986518216,"3519","35"
"394","Richmond Hill",2010,0,0,0,0,"Ontario","3519038_2010",3519038,28.8,2,NA,NA,0,1,NA,FALSE,3,0,1,0,1,-3,2011,185541,1814.30457134034,0.14035917986036,"3519","35"
"395","Richmond Hill",2014,0,0,0,0,"Ontario","3519038_2014",3519038,32.22,3,NA,NA,0,1,29.5946992973363,FALSE,4,0,0,0,1,-2,2016,195022,1904.1872259073,0.0510992179626066,"3519","35"
"396","Richmond Hill",2018,0,0,0,0,"Ontario","3519038_2018",3519038,27.15,5,NA,NA,0,1,58.8433108086672,FALSE,5,0,0,0,1,-1,2016,195022,1904.1872259073,0.0510992179626066,"3519","35"
"397","Saanich",2005,0,0,0,0,"British Columbia","5917021_2005",5917021,19.13,1,NA,NA,1,1,NA,FALSE,1,0,1,0,1,-5,2006,108265,1014.01459678999,0.0444845350878885,"5917","59"
"398","Saanich",2008,0,0,0,0,"British Columbia","5917021_2008",5917021,21.01,2,NA,NA,0,1,42.3839907192575,FALSE,2,0,0,0,1,-4,2006,108265,1014.01459678999,0.0444845350878885,"5917","59"
"399","Saanich",2011,0,0,0,0,"British Columbia","5917021_2011",5917021,25.35,3,NA,NA,0,1,7.65282094753697,FALSE,3,0,0,0,1,-3,2011,109752,1026.12652849163,0.0137348173463261,"5917","59"
"400","Saanich",2014,0,0,0,0,"British Columbia","5917021_2014",5917021,34.7,3,NA,NA,0,1,3.59785391170179,FALSE,4,0,0,0,1,-2,2016,114148,1067.22693868232,0.04005393979153,"5917","59"
"401","Saanich",2018,0,0,0,0,"British Columbia","5917021_2018",5917021,34,4,NA,NA,0,1,13.9098899747987,FALSE,5,0,0,0,1,-1,2016,114148,1067.22693868232,0.04005393979153,"5917","59"
"402","Saguenay",2005,0,0,0,0,"Quebec","2494068_2005",2494068,56.6,3,NA,NA,0,1,44.2904249167826,FALSE,1,0,0,0,1,-4,2006,143692,112.372666840138,NA,"2494","24"
"403","Saguenay",2009,0,0,0,0,"Quebec","2494068_2009",2494068,51.5,2,NA,NA,0,1,55.6126939205163,FALSE,2,0,0,0,1,-3,2011,144746,113.196923842743,0.00733513347994321,"2494","24"
"404","Saguenay",2013,0,0,0,0,"Quebec","2494068_2013",2494068,56.9,2,NA,NA,0,1,596.173822182612,FALSE,3,0,0,0,1,-2,2011,144746,113.196923842743,0.00733513347994321,"2494","24"
"405","Saguenay",2017,0,0,0,0,"Quebec","2494068_2017",2494068,55.7,4,NA,NA,0,1,22.2008846353634,FALSE,4,0,0,0,1,-1,2016,145949,113.985845055648,0.00831111049700855,"2494","24"
"406","Saint Albert",2007,0,0,0,0,"Alberta","4811062_2007",4811062,38.13,2,NA,NA,0,1,29.7670461981416,FALSE,1,0,0,0,1,-4,2006,57719,1628.23840847376,0.0873758972136923,"4811","48"
"407","Saint Albert",2010,0,0,0,0,"Alberta","4811062_2010",4811062,34.16,2,NA,NA,0,1,36.5186210367388,FALSE,2,0,0,0,1,-3,2011,61466,1260.8024903444,0.0649179646217017,"4811","48"
"408","Saint Albert",2013,0,0,0,0,"Alberta","4811062_2013",4811062,38.1,2,NA,NA,0,1,10.8391222847061,FALSE,3,0,0,0,1,-2,2011,61466,1260.8024903444,0.0649179646217017,"4811","48"
"409","Saint Albert",2017,0,0,0,0,"Alberta","4811062_2017",4811062,42.9,3,NA,NA,0,1,18.0530313621324,FALSE,4,0,0,0,1,-1,2016,65589,1341.17342501737,0.0670777340318225,"4811","48"
"410","Saint John",2004,2016,0,0,0,"New Brunswick","1301006_2004",1301006,51.69,4,NA,NA,0,1,23.5003825554705,FALSE,1,0,0,1,1,-3,2006,68043,205.485651201795,-0.0232267696415498,"1301","13"
"411","Saint John",2008,2016,0,0,0,"New Brunswick","1301006_2008",1301006,49.94,5,NA,NA,0,1,11.063122923588,FALSE,2,0,0,1,1,-2,2006,68043,205.485651201795,-0.0232267696415498,"1301","13"
"412","Saint John",2012,2016,0,0,0,"New Brunswick","1301006_2012",1301006,45.55,4,NA,NA,0,1,59.6940759624941,FALSE,3,0,0,1,1,-1,2011,70063,192.508132886801,0.0296871096218568,"1301","13"
"413","Saint John",2016,2016,1,0,-1,"New Brunswick","1301006_2016",1301006,37.9,5,NA,NA,0,1,7.00189953566906,TRUE,1,1,0,1,2,0,2016,67575,185.577868473612,-0.0355108973352554,"1301","13"
"414","Saint-Hyacinthe",2005,0,0,0,0,"Quebec","2454048_2005",2454048,38.21,2,NA,NA,0,1,59.5591572123177,FALSE,1,0,0,0,1,-4,2006,51616,270.279143750897,NA,"2454","24"
"415","Saint-Hyacinthe",2009,0,0,0,0,"Quebec","2454048_2009",2454048,43.78,3,NA,NA,0,1,2.58926591261921,FALSE,2,0,0,0,1,-3,2011,53236,278.762079790488,0.0313856168629882,"2454","24"
"416","Saint-Hyacinthe",2013,0,0,0,0,"Quebec","2454048_2013",2454048,44,3,NA,NA,0,1,25.4921046939217,FALSE,3,0,0,0,1,-2,2011,53236,278.762079790488,0.0313856168629882,"2454","24"
"417","Saint-Hyacinthe",2017,0,0,0,0,"Quebec","2454048_2017",2454048,36.5,2,NA,NA,0,1,18.7378766326135,FALSE,4,0,0,0,1,-1,2016,55648,290.957048856451,0.0453076865279134,"2454","24"
"418","Saint-Jean-sur-Richelieu",2005,2017,0,0,0,"Quebec","2456083_2005",2456083,38.71,2,NA,NA,0,1,21.3260801009145,FALSE,1,0,0,1,1,-3,2006,87492,375.406779711197,NA,"2456","24"
"419","Saint-Jean-sur-Richelieu",2009,2017,0,0,0,"Quebec","2456083_2009",2456083,43.04,4,NA,NA,0,1,9.14190317195326,FALSE,2,0,0,1,1,-2,2011,92394,396.440012113659,0.0560279797010012,"2456","24"
"420","Saint-Jean-sur-Richelieu",2013,2017,0,0,0,"Quebec","2456083_2013",2456083,49.6,9,NA,NA,0,1,1.67296276308689,FALSE,3,0,0,1,1,-1,2011,92394,396.440012113659,0.0560279797010012,"2456","24"
"421","Saint-Jean-sur-Richelieu",2017,2017,1,0,-1,"Quebec","2456083_2017",2456083,48.87,4,NA,NA,0,1,2.86427539088162,TRUE,1,1,0,1,2,0,2016,95114,417.274737163287,0.0294391410697664,"2456","24"
"422","Saint-Jerome",2005,0,0,0,0,"Quebec","2475017_2005",2475017,37.74,2,NA,NA,0,1,39.4480341693133,FALSE,1,0,0,0,1,-4,2006,63729,695.379575946014,NA,"2475","24"
"423","Saint-Jerome",2009,0,0,0,0,"Quebec","2475017_2009",2475017,19.98,1,NA,NA,1,1,NA,FALSE,2,0,1,0,1,-3,2011,68456,746.959421453435,0.0741734532159613,"2475","24"
"424","Saint-Jerome",2013,0,0,0,0,"Quebec","2475017_2013",2475017,41,4,NA,NA,0,1,12.4682395644283,FALSE,3,0,0,0,1,-2,2011,68456,746.959421453435,0.0741734532159613,"2475","24"
"425","Saint-Jerome",2017,0,0,0,0,"Quebec","2475017_2017",2475017,NA,1,NA,NA,1,1,NA,FALSE,4,0,2,0,1,-1,2016,74346,812.559667876373,0.0860406684585719,"2475","24"
"426","Sarnia",2003,0,0,0,0,"Ontario","3538030_2003",3538030,37,5,NA,NA,0,1,38.1905945325942,FALSE,1,0,0,0,1,-5,2001,70876,428.279108315674,-0.0255987241881822,"3538","35"
"427","Sarnia",2006,0,0,0,0,"Ontario","3538030_2006",3538030,42,4,NA,NA,0,1,28.0341725805723,FALSE,2,0,0,0,1,-4,2006,71419,424.327508422948,0.00766126756588972,"3538","35"
"428","Sarnia",2010,0,0,0,0,"Ontario","3538030_2010",3538030,33.4,5,NA,NA,0,1,44.3444162156191,FALSE,3,0,0,0,1,-3,2011,72366,429.956499923801,0.0132597768100926,"3538","35"
"429","Sarnia",2014,0,0,0,0,"Ontario","3538030_2014",3538030,37.1,4,NA,NA,0,1,41.3866481912209,FALSE,4,0,0,0,1,-2,2016,71594,432.160324152235,-0.0106679932565017,"3538","35"
"430","Sarnia",2018,0,0,0,0,"Ontario","3538030_2018",3538030,48.9,4,NA,NA,0,1,34.3912405284246,FALSE,5,0,0,0,1,-1,2016,71594,432.160324152235,-0.0106679932565017,"3538","35"
"431","Saskatoon",2003,0,0,0,0,"Saskatchewan","4711066_2003",4711066,52.3,6,NA,NA,0,1,4.78351827157171,FALSE,1,0,0,0,1,-6,2001,196811,1301.23695822609,0.0163390086084473,"4711","47"
"432","Saskatoon",2006,0,0,0,0,"Saskatchewan","4711066_2006",4711066,37.1,7,NA,NA,0,1,41.3528452036094,FALSE,2,0,0,0,1,-5,2006,202340,1140.59730455109,0.0280929419595449,"4711","47"
"433","Saskatoon",2009,0,0,0,0,"Saskatchewan","4711066_2009",4711066,27.32,5,NA,NA,0,1,19.3459611704758,FALSE,3,0,0,0,1,-4,2011,222189,1013.50066136245,0.0980972620341999,"4711","47"
"434","Saskatoon",2012,0,0,0,0,"Saskatchewan","4711066_2012",4711066,36.86,3,NA,NA,0,1,5.11902792607185,FALSE,4,0,0,0,1,-3,2011,222189,1013.50066136245,0.0980972620341999,"4711","47"
"435","Saskatoon",2016,0,0,0,0,"Saskatchewan","4711066_2016",4711066,40.09,4,NA,NA,0,1,3.79631706162318,FALSE,5,0,0,0,1,-2,2016,246376,1035.18114220426,0.108857774237248,"4711","47"
"436","Saskatoon",2020,0,0,0,0,"Saskatchewan","4711066_2020",4711066,27.41,6,NA,NA,0,1,20.6285967242143,FALSE,6,0,0,0,1,-1,2021,266141,1174.68249617548,0.0802229113225314,"4711","47"
"437","Sault-Sainte-Marie",2003,0,0,0,0,"Ontario","3557061_2003",3557061,46,4,NA,NA,0,1,11.1514375177911,FALSE,1,0,0,0,1,-5,2001,74566,332.855910245709,-0.0685537262347915,"3557","35"
"438","Sault-Sainte-Marie",2006,0,0,0,0,"Ontario","3557061_2006",3557061,48.6,3,NA,NA,0,1,26.4579866152048,FALSE,2,0,0,0,1,-4,2006,74948,268.739350762188,0.00512297830110238,"3557","35"
"439","Sault-Sainte-Marie",2010,0,0,0,0,"Ontario","3557061_2010",3557061,47.65,4,NA,NA,0,1,2.88135593220339,FALSE,3,0,0,0,1,-3,2011,75141,269.431927516676,0.00257511874899931,"3557","35"
"440","Sault-Sainte-Marie",2014,0,0,0,0,"Ontario","3557061_2014",3557061,42.42,6,NA,NA,0,1,7.75807722616233,FALSE,4,0,0,0,1,-2,2016,73368,327.504893735893,-0.0235956401964307,"3557","35"
"441","Sault-Sainte-Marie",2018,0,0,0,0,"Ontario","3557061_2018",3557061,40.3,4,NA,NA,0,1,45.628452108312,FALSE,5,0,0,0,1,-1,2016,73368,327.504893735893,-0.0235956401964307,"3557","35"
"442","Shawinigan",2005,2017,0,0,0,"Quebec","2436033_2005",2436033,51.67,3,NA,NA,0,1,29.8670988654781,FALSE,1,0,0,1,1,-3,2006,51904,64.6707134455315,NA,"2436","24"
"443","Shawinigan",2009,2017,0,0,0,"Quebec","2436033_2009",2436033,51.98,3,NA,NA,0,1,26.4801260075975,FALSE,2,0,0,1,1,-2,2011,50060,62.3731449097857,-0.0355271270036991,"2436","24"
"444","Shawinigan",2013,2017,0,0,0,"Quebec","2436033_2013",2436033,48.3,3,NA,NA,0,1,55.5245959775065,FALSE,3,0,0,1,1,-1,2011,50060,62.3731449097857,-0.0355271270036991,"2436","24"
"445","Shawinigan",2017,2017,1,0,-1,"Quebec","2436033_2017",2436033,47.15,3,NA,NA,0,1,32.3814933388413,TRUE,1,1,0,1,2,0,2016,49349,61.3873450415491,-0.0142029564522573,"2436","24"
"446","Sherbrooke",2005,0,0,0,0,"Quebec","2443027_2005",2443027,44.55,3,NA,NA,0,1,9.94112037152216,FALSE,1,0,0,0,1,-4,2006,147427,403.26429987128,NA,"2443","24"
"447","Sherbrooke",2009,0,0,0,0,"Quebec","2443027_2009",2443027,44.61,5,NA,NA,0,1,0.244528180870681,FALSE,2,0,0,0,1,-3,2011,154601,422.887670600974,0.0486613713905865,"2443","24"
"448","Sherbrooke",2013,0,0,0,0,"Quebec","2443027_2013",2443027,42,4,NA,NA,0,1,59.1155159490297,FALSE,3,0,0,0,1,-2,2011,154601,422.887670600974,0.0486613713905865,"2443","24"
"449","Sherbrooke",2017,0,0,0,0,"Quebec","2443027_2017",2443027,43.84,5,NA,NA,0,1,11.4030227181535,FALSE,4,0,0,0,1,-1,2016,161323,440.883637689155,0.0434796670137968,"2443","24"
"450","St. Catharines",2003,0,0,0,0,"Ontario","3526053_2003",3526053,29.77,6,NA,NA,0,1,0.177473954053965,FALSE,1,0,0,0,1,-5,2001,129170,1328.73200098511,-0.0134121564853429,"3526","35"
"451","St. Catharines",2006,0,0,0,0,"Ontario","3526053_2006",3526053,40.7,8,NA,NA,0,1,23.4444040130998,FALSE,2,0,0,0,1,-4,2006,131989,1326.2144514762,0.021823952930247,"3526","35"
"452","St. Catharines",2010,0,0,0,0,"Ontario","3526053_2010",3526053,30.63,5,NA,NA,0,1,65.5930818466567,FALSE,3,0,0,0,1,-3,2011,131400,1320.30153516705,-0.00446249308654509,"3526","35"
"453","St. Catharines",2014,0,0,0,0,"Ontario","3526053_2014",3526053,31.48,5,NA,NA,0,1,5.53065180518536,FALSE,4,0,0,0,1,-2,2016,133113,1337.13104412604,0.0130365296803653,"3526","35"
"454","St. Catharines",2018,0,0,0,0,"Ontario","3526053_2018",3526053,33.64,4,NA,NA,0,1,50.739821411302,FALSE,5,0,0,0,1,-1,2016,133113,1337.13104412604,0.0130365296803653,"3526","35"
"455","St. John's",2005,0,0,0,0,"Newfoundland and Labrador","1001519_2005",1001519,49.27,2,NA,NA,0,1,NA,FALSE,1,0,1,0,1,-4,2006,100646,210.913577927785,0.0147607428767317,"1001","10"
"456","St. John's",2009,0,0,0,0,"Newfoundland and Labrador","1001519_2009",1001519,NA,3,NA,NA,0,1,NA,FALSE,2,0,2,0,1,-3,2011,106172,222.493830349942,0.0549053116865052,"1001","10"
"457","St. John's",2013,0,0,0,0,"Newfoundland and Labrador","1001519_2013",1001519,52,3,NA,NA,0,1,NA,FALSE,3,0,1,0,1,-2,2011,106172,222.493830349942,0.0549053116865052,"1001","10"
"458","St. John's",2017,0,0,0,0,"Newfoundland and Labrador","1001519_2017",1001519,56.69,3,NA,NA,0,1,19.8929619911148,FALSE,4,0,0,0,1,-1,2016,108860,228.237302722335,0.0253174094864936,"1001","10"
"459","Stratford",2003,2018,0,0,0,"Ontario","3531011_2003",3531011,49.7,4,NA,NA,0,1,5.55021414212044,FALSE,1,0,0,1,1,-4,2001,29676,1342.25465146571,0.0237692758822921,"3531","35"
"460","Stratford",2006,2018,0,0,0,"Ontario","3531011_2006",3531011,45,2,NA,NA,0,1,51.7899271720176,FALSE,2,0,0,1,1,-3,2006,30461,1194.59071316607,0.026452352069012,"3531","35"
"461","Stratford",2010,2018,0,0,0,"Ontario","3531011_2010",3531011,47.8,2,NA,NA,0,1,58.4392014519056,FALSE,3,0,0,1,1,-2,2011,30886,1136.15421032942,0.0139522668329996,"3531","35"
"462","Stratford",2014,2018,0,0,0,"Ontario","3531011_2014",3531011,47.6,4,NA,NA,0,1,68.7776141384389,FALSE,4,0,0,1,1,-1,2016,31465,1102.99208292509,0.0187463575730104,"3531","35"
"463","Stratford",2018,2018,1,0,-1,"Ontario","3531011_2018",3531011,49.79,3,NA,NA,0,1,48.5760850917825,TRUE,1,1,0,1,2,0,2016,31465,1102.99208292509,0.0187463575730104,"3531","35"
"464","Strathcona County",2004,0,0,0,0,"Alberta","4811052_2004",4811052,33.97,3,NA,NA,0,1,19.0343007915567,FALSE,1,0,0,0,1,-5,2006,82511,65.4042719767581,0.146208985080432,"4811","48"
"465","Strathcona County",2007,0,0,0,0,"Alberta","4811052_2007",4811052,33.34,3,NA,NA,0,1,8.28013155349197,FALSE,2,0,0,0,1,-4,2006,82511,65.4042719767581,0.146208985080432,"4811","48"
"466","Strathcona County",2010,0,0,0,0,"Alberta","4811052_2010",4811052,36.6,2,NA,NA,0,1,13.5385662046092,FALSE,3,0,0,0,1,-3,2011,92490,73.2493918059202,0.120941450230878,"4811","48"
"467","Strathcona County",2013,0,0,0,0,"Alberta","4811052_2013",4811052,37.37,2,NA,NA,0,1,1.79563571946211,FALSE,4,0,0,0,1,-2,2011,92490,73.2493918059202,0.120941450230878,"4811","48"
"468","Strathcona County",2017,0,0,0,0,"Alberta","4811052_2017",4811052,39.1,5,NA,NA,0,1,7.30641433111817,FALSE,5,0,0,0,1,-1,2016,98044,77.6276255281476,0.060049735106498,"4811","48"
"469","Surrey",2002,2014,0,0,0,"British Columbia","5915004_2002",5915004,32.1,9,NA,NA,0,1,33.8951103226522,FALSE,1,0,0,1,1,-4,2001,347825,1092.82446507161,0.142368717505756,"5915","59"
"470","Surrey",2005,2014,0,0,0,"British Columbia","5915004_2005",5915004,35.1,6,NA,NA,0,1,12.4087765039228,FALSE,2,0,0,1,1,-3,2006,394976,1210.88893815173,0.135559548623589,"5915","59"
"471","Surrey",2008,2014,0,0,0,"British Columbia","5915004_2008",5915004,24.11,2,NA,NA,0,1,71.730563718942,FALSE,3,0,0,1,1,-2,2006,394976,1210.88893815173,0.135559548623589,"5915","59"
"472","Surrey",2011,2014,0,0,0,"British Columbia","5915004_2011",5915004,25.18,7,NA,NA,0,1,78.5868377150089,FALSE,4,0,0,1,1,-1,2011,468251,1444.58770829861,0.185517601069432,"5915","59"
"473","Surrey",2014,2014,1,0,-1,"British Columbia","5915004_2014",5915004,32,7,NA,NA,0,1,21.1810025549108,TRUE,1,1,0,1,2,0,2016,517887,1597.69444960158,0.106002977035821,"5915","59"
"474","Surrey",2018,2014,1,0,-1,"British Columbia","5915004_2018",5915004,32,8,NA,NA,0,1,15.336278398846,TRUE,2,0,0,1,2,1,2016,517887,1597.69444960158,0.106002977035821,"5915","59"
"475","Tecumseh",2003,2014,0,0,0,"Ontario","3537048_2003",3537048,54.5,2,NA,NA,0,1,10.8638870078359,FALSE,1,0,0,1,1,-3,2001,25105,208.284966519366,NA,"3537","35"
"476","Tecumseh",2006,2014,0,0,0,"Ontario","3537048_2006",3537048,47.69,2,NA,NA,0,1,65.0728309056365,FALSE,2,0,0,1,1,-2,2006,24224,255.232132275654,-0.0350926110336586,"3537","35"
"477","Tecumseh",2010,2014,0,0,0,"Ontario","3537048_2010",3537048,45.74,1,NA,NA,1,1,NA,FALSE,3,0,1,1,1,-1,2011,23610,248.813394064457,-0.0253467635402906,"3537","35"
"478","Tecumseh",2014,2014,1,0,-1,"Ontario","3537048_2014",3537048,52.47,3,NA,NA,0,1,16.8222402597403,TRUE,1,1,0,1,2,0,2016,23229,244.926905730398,-0.0161372299872935,"3537","35"
"479","Tecumseh",2018,2014,1,0,-1,"Ontario","3537048_2018",3537048,37.43,1,NA,NA,1,1,NA,TRUE,2,0,1,1,2,1,2016,23229,244.926905730398,-0.0161372299872935,"3537","35"
"480","Terrebonne",2005,0,0,0,0,"Quebec","2464008_2005",2464008,NA,1,NA,NA,1,1,NA,FALSE,1,0,2,0,1,-4,2006,94703,610.956982507443,NA,"2464","24"
"481","Terrebonne",2009,0,0,0,0,"Quebec","2464008_2009",2464008,34.84,4,NA,NA,0,1,37.5281076176575,FALSE,2,0,0,0,1,-3,2011,106322,685.719312606408,0.122688827175485,"2464","24"
"482","Terrebonne",2013,0,0,0,0,"Quebec","2464008_2013",2464008,37,2,NA,NA,0,1,24.7969052224371,FALSE,3,0,0,0,1,-2,2011,106322,685.719312606408,0.122688827175485,"2464","24"
"483","Terrebonne",2017,0,0,0,0,"Quebec","2464008_2017",2464008,40.28,4,NA,NA,0,1,10.6321143133931,FALSE,4,0,0,0,1,-1,2016,111575,722.678041766937,0.0494065198171592,"2464","24"
"484","Three Rivers",2005,0,0,0,0,"Quebec","2437067_2005",2437067,49.84,3,NA,NA,0,1,41.6243140907526,FALSE,1,0,0,0,1,-4,2006,126323,429.128067600877,NA,"2437","24"
"485","Three Rivers",2009,0,0,0,0,"Quebec","2437067_2009",2437067,46.37,2,NA,NA,0,1,9.76152759344094,FALSE,2,0,0,0,1,-3,2011,131338,446.203617083383,0.0396998171354385,"2437","24"
"486","Three Rivers",2013,0,0,0,0,"Quebec","2437067_2013",2437067,57.2,6,NA,NA,0,1,18.0654626397531,FALSE,3,0,0,0,1,-2,2011,131338,446.203617083383,0.0396998171354385,"2437","24"
"487","Three Rivers",2017,0,0,0,0,"Quebec","2437067_2017",2437067,48.6,3,NA,NA,0,1,6.30136455264382,FALSE,4,0,0,0,1,-1,2016,134413,456.019308649989,0.0234128736542356,"2437","24"
"488","Thunder Bay",2003,0,0,0,0,"Ontario","3558004_2003",3558004,56.51,5,NA,NA,0,1,NA,FALSE,1,0,1,0,1,-5,2001,109016,330.970279209686,-0.0408755784694973,"3558","35"
"489","Thunder Bay",2006,0,0,0,0,"Ontario","3558004_2006",3558004,38.19,3,NA,NA,0,1,71.7883827428296,FALSE,2,0,0,0,1,-4,2006,109140,326.263386506931,0.00113744771409701,"3558","35"
"490","Thunder Bay",2010,0,0,0,0,"Ontario","3558004_2010",3558004,47.43,6,NA,NA,0,1,15.8034805750515,FALSE,3,0,0,0,1,-3,2011,108359,324.331184225315,-0.00715594649074583,"3558","35"
"491","Thunder Bay",2014,0,0,0,0,"Ontario","3558004_2014",3558004,46.05,6,NA,NA,0,1,6.45713979761204,FALSE,4,0,0,0,1,-2,2016,107909,322.869049760144,-0.00415286224494504,"3558","35"
"492","Thunder Bay",2018,0,0,0,0,"Ontario","3558004_2018",3558004,50.68,11,NA,NA,0,1,1.84231522448684,FALSE,5,0,0,0,1,-1,2016,107909,322.869049760144,-0.00415286224494504,"3558","35"
"493","Toronto",2003,2014,0,0,0,"Ontario","3520005_2003",3520005,38.33,44,NA,NA,0,1,5.17467901292812,FALSE,1,0,0,1,1,-3,2001,2481494,3926.8267037103,NA,"3520","35"
"494","Toronto",2006,2014,0,0,0,"Ontario","3520005_2006",3520005,39.3,38,NA,NA,0,1,24.0963674019747,FALSE,2,0,0,1,1,-2,2006,2503281,3946.91053638863,0.00877979152881288,"3520","35"
"495","Toronto",2010,2014,0,0,0,"Ontario","3520005_2010",3520005,50.55,40,NA,NA,0,1,11.3164669823117,FALSE,3,0,0,1,1,-1,2011,2615060,4121.76891860347,0.0446529974062041,"3520","35"
"496","Toronto",2014,2014,1,0,-2,"Ontario","3520005_2014",3520005,54.67,45,NA,NA,0,1,6.46511130784449,TRUE,1,1,0,1,2,0,2016,2731571,4305.52510846363,0.0445538534488692,"3520","35"
"497","Toronto",2018,2014,1,0,-3,"Ontario","3520005_2018",3520005,41,35,NA,NA,0,1,39.2000977837419,TRUE,2,0,0,1,3,1,2016,2731571,4305.52510846363,0.0445538534488692,"3520","35"
"498","Tumbler Ridge",2008,2018,0,0,0,"British Colombia","5955003_2008",5955003,46,2,NA,NA,0,1,12.0509849362688,FALSE,1,0,0,1,1,-3,2006,2454,1.55409299966091,0.325769854132901,"5955","59"
"499","Tumbler Ridge",2011,2018,0,0,0,"British Colombia","5955003_2011",5955003,29,2,NA,NA,0,1,50.6151142355009,FALSE,2,0,0,1,1,-2,2011,2710,1.7249747380314,0.104319478402608,"5955","59"
"500","Tumbler Ridge",2014,2018,0,0,0,"British Colombia","5955003_2014",5955003,32,3,NA,NA,0,1,6.22286541244573,FALSE,3,0,0,1,1,-1,2016,1987,1.26476930054184,-0.266789667896679,"5955","59"
"501","Tumbler Ridge",2018,2018,1,0,-1,"British Colombia","5955003_2018",5955003,53,4,NA,NA,0,1,1.69712793733681,TRUE,1,1,0,1,2,0,2016,1987,1.26476930054184,-0.266789667896679,"5955","59"
"502","Vancouver",2002,2018,0,0,0,"British Columbia","5915022_2002",5915022,50.49,16,NA,NA,0,1,28.1610070554794,FALSE,1,0,0,1,1,-5,2001,545671,4740.08496050775,0.0616002085570653,"5915","59"
"503","Vancouver",2005,2018,0,0,0,"British Columbia","5915022_2005",5915022,32.61,20,NA,NA,0,1,2.88206382536862,FALSE,2,0,0,1,1,-4,2006,578041,4977.11550290788,0.0593214592675806,"5915","59"
"504","Vancouver",2008,2018,0,0,0,"British Columbia","5915022_2008",5915022,31.08,15,NA,NA,0,1,15.1297421249547,FALSE,3,0,0,1,1,-3,2006,578041,4977.11550290788,0.0593214592675806,"5915","59"
"505","Vancouver",2011,2018,0,0,0,"British Columbia","5915022_2011",5915022,34.96,12,NA,NA,0,1,13.017959854443,FALSE,4,0,0,1,1,-2,2011,603502,5188.01127208841,0.0440470485657592,"5915","59"
"506","Vancouver",2014,2018,0,0,0,"British Columbia","5915022_2014",5915022,43.4,10,NA,NA,0,1,5.55069424953359,FALSE,5,0,0,1,1,-1,2016,631486,5427.54021604238,0.0463693575166279,"5915","59"
"507","Vancouver",2018,2018,1,0,-1,"British Columbia","5915022_2018",5915022,39.36,21,NA,NA,0,1,0.5423632757155,TRUE,1,1,0,1,2,0,2016,631486,5427.54021604238,0.0463693575166279,"5915","59"
"508","Vaughan",2003,0,0,0,0,"Ontario","3519028_2003",3519028,31,2,NA,NA,0,1,23.7100682969817,FALSE,1,0,0,0,1,-5,2001,182022,663.138475231952,0.373243102550755,"3519","35"
"509","Vaughan",2006,0,0,0,0,"Ontario","3519028_2006",3519028,38.4,4,NA,NA,0,1,0.146009085009734,FALSE,2,0,0,0,1,-4,2006,238866,868.190661743772,0.312291920756832,"3519","35"
"510","Vaughan",2010,0,0,0,0,"Ontario","3519028_2010",3519028,40,8,NA,NA,0,1,49.7202169920123,FALSE,3,0,0,0,1,-3,2011,288301,1048.17406566041,0.206957038674403,"3519","35"
"511","Vaughan",2014,0,0,0,0,"Ontario","3519028_2014",3519028,30.28,4,NA,NA,0,1,64.2452781192113,FALSE,4,0,0,0,1,-2,2016,306233,1113.37227607668,0.0621988824180284,"3519","35"
"512","Vaughan",2018,0,0,0,0,"Ontario","3519028_2018",3519028,27.01,3,NA,NA,0,1,42.9823272219569,FALSE,5,0,0,0,1,-1,2016,306233,1113.37227607668,0.0621988824180284,"3519","35"
"513","Vegerville",2007,2017,0,0,0,"Alberta","4810028_2007",4810028,NA,1,NA,NA,1,1,NA,FALSE,1,0,2,1,1,-3,2006,5519,401.070587405991,0.0265997023809524,"4810","48"
"514","Vegerville",2010,2017,0,0,0,"Alberta","4810028_2010",4810028,32,1,NA,NA,1,1,NA,FALSE,2,0,1,1,1,-2,2011,5717,402.534481581073,0.0358760645044392,"4810","48"
"515","Vegerville",2013,2017,0,0,0,"Alberta","4810028_2013",4810028,44.54,3,NA,NA,0,1,10.4958469670274,FALSE,3,0,0,1,1,-1,2011,5717,402.534481581073,0.0358760645044392,"4810","48"
"516","Vegerville",2017,2017,1,0,-1,"Alberta","4810028_2017",4810028,44.05,2,NA,NA,0,1,0.373168289797033,TRUE,1,1,0,1,2,0,2016,5708,396.931085726127,-0.00157425223019066,"4810","48"
"517","Victoria",2002,2014,0,0,0,"British Columbia","5917034_2002",5917034,31.33,7,NA,NA,0,1,29.4252873563218,FALSE,1,0,0,1,1,-4,2001,74125,3764.39741162701,0.0084485198084458,"5917","59"
"518","Victoria",2005,2014,0,0,0,"British Columbia","5917034_2005",5917034,26.43,5,NA,NA,0,1,8.31789662384225,FALSE,2,0,0,1,1,-3,2006,78057,3962.47333629117,0.0530455311973019,"5917","59"
"519","Victoria",2008,2014,0,0,0,"British Columbia","5917034_2008",5917034,26.93,8,NA,NA,0,1,3.5690955519924,FALSE,3,0,0,1,1,-2,2006,78057,3962.47333629117,0.0530455311973019,"5917","59"
"520","Victoria",2011,2014,0,0,0,"British Columbia","5917034_2011",5917034,26.35,4,NA,NA,0,1,35.0863516430799,FALSE,4,0,0,1,1,-1,2011,80017,4108.56211878718,0.0251098556183302,"5917","59"
"521","Victoria",2014,2014,1,0,-1,"British Columbia","5917034_2014",5917034,39,8,NA,NA,0,1,0.360835191566998,TRUE,1,1,0,1,2,0,2016,85792,4404.88464081953,0.0721721634152743,"5917","59"
"522","Victoria",2018,2014,1,0,-1,"British Columbia","5917034_2018",5917034,43.5,10,NA,NA,0,1,13.2123741879018,TRUE,2,0,0,1,2,1,2016,85792,4404.88464081953,0.0721721634152743,"5917","59"
"523","Waterloo",2003,0,0,0,0,"Ontario","3530016_2003",3530016,32.97,4,NA,NA,0,1,24.2706420058947,FALSE,1,0,0,0,1,-5,2001,86543,1343.55826095146,0.110251574747591,"3530","35"
"524","Waterloo",2006,0,0,0,0,"Ontario","3530016_2006",3530016,28.66,3,NA,NA,0,1,17.8610372050421,FALSE,2,0,0,0,1,-4,2006,97475,1494.73083420778,0.126318708618837,"3530","35"
"525","Waterloo",2010,0,0,0,0,"Ontario","3530016_2010",3530016,40.05,4,NA,NA,0,1,18.9153487689429,FALSE,3,0,0,0,1,-3,2011,98780,1516.54442808865,0.0133880482174917,"3530","35"
"526","Waterloo",2014,0,0,0,0,"Ontario","3530016_2014",3530016,35.93,4,NA,NA,0,1,30.3339805825243,FALSE,4,0,0,0,1,-2,2016,104986,1611.79982522689,0.0628264830937437,"3530","35"
"527","Waterloo",2018,0,0,0,0,"Ontario","3530016_2018",3530016,34.22,3,NA,NA,0,1,47.4057078452683,FALSE,5,0,0,0,1,-1,2016,104986,1611.79982522689,0.0628264830937437,"3530","35"
"528","Welland",2003,0,0,1,0,"Ontario","3526032_2003",3526032,NA,6,NA,NA,0,1,NA,FALSE,1,0,2,0,1,-5,2001,48402,577.595807397695,-0.000185908161368284,"3526","35"
"529","Welland",2006,0,0,1,0,"Ontario","3526032_2006",3526032,NA,5,NA,NA,0,1,NA,FALSE,2,0,2,0,1,-4,2006,50331,594.903481694168,0.0398537250526838,"3526","35"
"530","Welland",2010,0,0,1,0,"Ontario","3526032_2010",3526032,41.1,6,NA,NA,0,1,NA,FALSE,3,0,1,0,1,-3,2011,50631,598.457280178264,0.00596054121714252,"3526","35"
"531","Welland",2014,0,0,1,0,"Ontario","3526032_2014",3526032,35.77,3,NA,NA,0,1,22.9436910377358,FALSE,4,0,0,0,1,-2,2016,52293,618.448579051324,0.0328257391716537,"3526","35"
"532","Welland",2018,0,0,1,0,"Ontario","3526032_2018",3526032,34,3,NA,NA,0,1,65.3985781273635,FALSE,5,0,0,0,1,-1,2016,52293,618.448579051324,0.0328257391716537,"3526","35"
"533","Whitby",2003,0,0,0,0,"Ontario","3518009_2003",3518009,20.92,2,NA,NA,0,1,NA,FALSE,1,0,1,0,1,-5,2001,87413,595.008328669232,0.184554299807572,"3518","35"
"534","Whitby",2006,0,0,0,0,"Ontario","3518009_2006",3518009,24.28,2,NA,NA,0,1,NA,FALSE,2,0,1,0,1,-4,2006,111184,751.889004130507,0.271938956448126,"3518","35"
"535","Whitby",2010,0,0,0,0,"Ontario","3518009_2010",3518009,31.05,3,NA,NA,0,1,NA,FALSE,3,0,1,0,1,-3,2011,122022,825.180955930974,0.097478054396316,"3518","35"
"536","Whitby",2014,0,0,0,0,"Ontario","3518009_2014",3518009,26.88,5,NA,NA,0,1,59.1880160013618,FALSE,4,0,0,0,1,-2,2016,128377,867.441526230043,0.0520807723197456,"3518","35"
"537","Whitby",2018,0,0,0,0,"Ontario","3518009_2018",3518009,26.78,2,NA,NA,0,1,41.2365047233468,FALSE,5,0,0,0,1,-1,2016,128377,867.441526230043,0.0520807723197456,"3518","35"
"538","White Rock",2008,2014,0,0,0,"British Colombia","5915007_2008",5915007,37,2,NA,NA,0,1,35.3857298080406,FALSE,1,0,0,1,1,-2,2006,18755,3631.71276259965,0.0276712328767123,"5915","59"
"539","White Rock",2011,2014,0,0,0,"British Colombia","5915007_2011",5915007,30,4,NA,NA,0,1,10.3210514975221,FALSE,2,0,0,1,1,-1,2011,19339,3774.10409181656,0.0311383631031725,"5915","59"
"540","White Rock",2014,2014,1,0,-1,"British Colombia","5915007_2014",5915007,32,2,NA,NA,0,1,31.1701081612586,TRUE,1,1,0,1,2,0,2016,19952,3893.73415584694,0.0316976058741403,"5915","59"
"541","White Rock",2018,2014,1,0,-1,"British Colombia","5915007_2018",5915007,39,6,NA,NA,0,1,2.5653282345443,TRUE,2,0,0,1,2,1,2016,19952,3893.73415584694,0.0316976058741403,"5915","59"
"542","Windsor",2003,0,0,0,0,"Ontario","3537039_2003",3537039,NA,3,NA,NA,0,1,NA,FALSE,1,0,2,0,1,-5,2001,208402,1725.32448719945,0.054164516879622,"3537","35"
"543","Windsor",2006,0,0,0,0,"Ontario","3537039_2006",3537039,38.2,4,NA,NA,0,1,58.6252976751358,FALSE,2,0,0,0,1,-4,2006,216473,1478.51689469174,0.038728035239585,"3537","35"
"544","Windsor",2010,0,0,0,0,"Ontario","3537039_2010",3537039,46.28,6,NA,NA,0,1,15.6238933665737,FALSE,3,0,0,0,1,-3,2011,210891,1440.47047814527,-0.0257861257524033,"3537","35"
"545","Windsor",2014,0,0,0,0,"Ontario","3537039_2014",3537039,37.46,12,NA,NA,0,1,27.9445295218649,FALSE,4,0,0,0,1,-2,2016,217188,1482.63460430993,0.0298590267009972,"3537","35"
"546","Windsor",2018,0,0,0,0,"Ontario","3537039_2018",3537039,35.21,4,NA,NA,0,1,23.7147814279787,FALSE,5,0,0,0,1,-1,2016,217188,1482.63460430993,0.0298590267009972,"3537","35"
"547","Winnipeg",2002,2010,0,0,0,"Manitoba","4611040_2002",4611040,48.7,5,NA,NA,0,1,13.0703729078986,FALSE,1,0,0,1,1,-2,2001,619544,1324.02971220133,0.00172520562607825,"4611","46"
"548","Winnipeg",2006,2010,0,0,0,"Manitoba","4611040_2006",4611040,38.2,4,NA,NA,0,1,39.039014228302,FALSE,2,0,0,1,1,-1,2006,633451,1334.16845189125,0.0224471546815077,"4611","46"
"549","Winnipeg",2010,2010,1,0,-1,"Manitoba","4611040_2010",4611040,47.1,4,NA,NA,0,1,11.9045944843686,TRUE,1,1,0,1,2,0,2011,663617,1397.70349886814,0.0476216787091661,"4611","46"
"550","Winnipeg",2014,2010,1,0,-1,"Manitoba","4611040_2014",4611040,50.23,7,NA,NA,0,1,22.5367904695165,TRUE,2,0,0,1,2,1,2016,705244,1485.97427465349,0.0627274467049518,"4611","46"
"551","Winnipeg",2018,2010,1,0,-2,"Manitoba","4611040_2018",4611040,42.33,8,NA,NA,0,1,17.4386466854627,TRUE,3,0,0,1,3,1,2016,705244,1485.97427465349,0.0627274467049518,"4611","46"
"552","Wood Buffalo",2007,2017,0,0,0,"Alberta","4816037_2007",4816037,17.24,4,NA,NA,0,1,33.1153608883405,FALSE,1,0,0,1,1,-3,2006,51496,0.754445103054066,0.241884917763951,"4816","48"
"553","Wood Buffalo",2010,2017,0,0,0,"Alberta","4816037_2010",4816037,20.67,4,NA,NA,0,1,50.2790697674419,FALSE,2,0,0,1,1,-2,2011,65565,0.955981689058053,0.273205685878515,"4816","48"
"554","Wood Buffalo",2013,2017,0,0,0,"Alberta","4816037_2013",4816037,19.93,3,NA,NA,0,1,29.3453724604966,FALSE,3,0,0,1,1,-1,2011,65565,0.955981689058053,0.273205685878515,"4816","48"
"555","Wood Buffalo",2017,2017,1,0,-1,"Alberta","4816037_2017",4816037,22.4,4,NA,NA,0,1,43.5286103542234,TRUE,1,1,0,1,2,0,2016,71589,1.07588972736943,0.0918782887211164,"4816","48"
